ID,card_id,kind,type,quality,level,item_id,item_num,item_id1,item_num1
number,number,string,string,string,number,number,number,number,number
ID,card_id,kind,type,quality,level,item_id,item_num,item_id1,item_num1
1,110011,war,monster,normal,1,100001,4,300001,1
2,110012,war,monster,normal,2,100001,8,300001,1
3,110013,war,monster,normal,3,100001,15,300001,1
4,110014,war,monster,normal,4,100001,26,300001,1
5,110015,war,monster,normal,5,100001,45,300001,1
6,110021,war,monster,normal,1,100001,4,300001,1
7,110022,war,monster,normal,2,100001,8,300001,1
8,110023,war,monster,normal,3,100001,15,300001,1
9,110024,war,monster,normal,4,100001,26,300001,1
10,110025,war,monster,normal,5,100001,45,300001,1
11,110031,war,monster,rare,1,100001,21,300002,1
12,110032,war,monster,rare,2,100001,25,300002,1
13,110033,war,monster,rare,3,100001,33,300002,1
14,110034,war,monster,rare,4,100001,46,300002,1
15,110035,war,monster,rare,5,100001,67,300002,1
16,110036,war,monster,rare,6,100001,103,300002,1
17,110041,war,monster,normal,1,100001,4,300001,1
18,110042,war,monster,normal,2,100001,8,300001,1
19,110043,war,monster,normal,3,100001,15,300001,1
20,110044,war,monster,normal,4,100001,26,300001,1
21,110045,war,monster,normal,5,100001,45,300001,1
22,110051,war,monster,rare,1,100001,21,300002,1
23,110052,war,monster,rare,2,100001,25,300002,1
24,110053,war,monster,rare,3,100001,33,300002,1
25,110054,war,monster,rare,4,100001,46,300002,1
26,110055,war,monster,rare,5,100001,67,300002,1
27,110056,war,monster,rare,6,100001,103,300002,1
28,110061,war,monster,rare,1,100001,21,300002,1
29,110062,war,monster,rare,2,100001,25,300002,1
30,110063,war,monster,rare,3,100001,33,300002,1
31,110064,war,monster,rare,4,100001,46,300002,1
32,110065,war,monster,rare,5,100001,67,300002,1
33,110066,war,monster,rare,6,100001,103,300002,1
34,110071,war,monster,rarity,1,100001,125,300003,1
35,110072,war,monster,rarity,2,100001,130,300003,1
36,110073,war,monster,rarity,3,100001,138,300003,1
37,110074,war,monster,rarity,4,100001,153,300003,1
38,110075,war,monster,rarity,5,100001,177,300003,1
39,110076,war,monster,rarity,6,100001,217,300003,1
40,110077,war,monster,rarity,7,100001,277,300003,1
41,110081,war,monster,rarity,1,100001,125,300003,1
42,110082,war,monster,rarity,2,100001,130,300003,1
43,110083,war,monster,rarity,3,100001,138,300003,1
44,110084,war,monster,rarity,4,100001,153,300003,1
45,110085,war,monster,rarity,5,100001,177,300003,1
46,110086,war,monster,rarity,7,100001,277,300003,1
47,110091,war,monster,epic,1,100001,209,300004,1
48,110092,war,monster,epic,2,100001,214,300004,1
49,110093,war,monster,epic,3,100001,223,300004,1
50,110094,war,monster,epic,4,100001,240,300004,1
51,110095,war,monster,epic,5,100001,267,300004,1
52,110096,war,monster,epic,6,100001,311,300004,1
53,110097,war,monster,epic,7,100001,378,300004,1
54,110098,war,monster,epic,8,100001,471,300004,1
55,110101,war,monster,rare,1,100001,21,300002,1
56,110102,war,monster,rare,2,100001,25,300002,1
57,110103,war,monster,rare,3,100001,33,300002,1
58,110104,war,monster,rare,4,100001,46,300002,1
59,110105,war,monster,rare,5,100001,67,300002,1
60,110106,war,monster,rare,6,100001,103,300002,1
61,110111,war,monster,epic,1,100001,209,300004,1
62,110112,war,monster,epic,2,100001,214,300004,1
63,110113,war,monster,epic,3,100001,223,300004,1
64,110114,war,monster,epic,4,100001,240,300004,1
65,110115,war,monster,epic,5,100001,267,300004,1
66,110116,war,monster,epic,6,100001,311,300004,1
67,110117,war,monster,epic,7,100001,378,300004,1
68,110118,war,monster,epic,8,100001,471,300004,1
69,110121,war,monster,rarity,1,100001,125,300003,1
70,110122,war,monster,rarity,2,100001,130,300003,1
71,110123,war,monster,rarity,3,100001,138,300003,1
72,110124,war,monster,rarity,4,100001,153,300003,1
73,110125,war,monster,rarity,5,100001,177,300003,1
74,110126,war,monster,rarity,6,100001,217,300003,1
75,110127,war,monster,rarity,7,100001,277,300003,1
76,110131,war,monster,rarity,1,100001,125,300003,1
77,110132,war,monster,rarity,2,100001,130,300003,1
78,110133,war,monster,rarity,3,100001,138,300003,1
79,110134,war,monster,rarity,4,100001,153,300003,1
80,110135,war,monster,rarity,5,100001,177,300003,1
81,110136,war,monster,rarity,6,100001,217,300003,1
82,110137,war,monster,rarity,7,100001,277,300003,1
83,110141,war,monster,epic,1,100001,209,300004,1
84,110142,war,monster,epic,2,100001,214,300004,1
85,110143,war,monster,epic,3,100001,223,300004,1
86,110144,war,monster,epic,4,100001,240,300004,1
87,110145,war,monster,epic,5,100001,267,300004,1
88,110146,war,monster,epic,6,100001,311,300004,1
89,110147,war,monster,epic,7,100001,378,300004,1
90,110148,war,monster,epic,8,100001,471,300004,1
91,110151,war,monster,rarity,1,100001,125,300003,1
92,110152,war,monster,rarity,2,100001,130,300003,1
93,110153,war,monster,rarity,3,100001,138,300003,1
94,110154,war,monster,rarity,4,100001,153,300003,1
95,110155,war,monster,rarity,5,100001,177,300003,1
96,110156,war,monster,rarity,6,100001,217,300003,1
97,110157,war,monster,rarity,7,100001,277,300003,1
98,110161,war,monster,normal,1,100001,4,300001,1
99,110162,war,monster,normal,2,100001,8,300001,1
100,110163,war,monster,normal,3,100001,15,300001,1
101,110164,war,monster,normal,4,100001,26,300001,1
102,110165,war,monster,normal,5,100001,45,300001,1
103,110171,war,monster,normal,1,100001,4,300001,1
104,110172,war,monster,normal,2,100001,8,300001,1
105,110173,war,monster,normal,3,100001,15,300001,1
106,110174,war,monster,normal,4,100001,26,300001,1
107,110175,war,monster,normal,5,100001,45,300001,1
108,110181,war,monster,rare,1,100001,21,300002,1
109,110182,war,monster,rare,2,100001,25,300002,1
110,110183,war,monster,rare,3,100001,33,300002,1
111,110184,war,monster,rare,4,100001,46,300002,1
112,110185,war,monster,rare,5,100001,67,300002,1
113,110186,war,monster,rare,6,100001,103,300002,1
114,110191,war,monster,rare,1,100001,21,300002,1
115,110192,war,monster,rare,2,100001,25,300002,1
116,110193,war,monster,rare,3,100001,33,300002,1
117,110194,war,monster,rare,4,100001,46,300002,1
118,110195,war,monster,rare,5,100001,67,300002,1
119,110196,war,monster,rare,6,100001,103,300002,1
120,120011,fortune,monster,normal,1,100001,4,300001,1
121,120012,fortune,monster,normal,2,100001,8,300001,1
122,120013,fortune,monster,normal,3,100001,15,300001,1
123,120014,fortune,monster,normal,4,100001,26,300001,1
124,120015,fortune,monster,normal,5,100001,45,300001,1
125,120021,fortune,monster,normal,1,100001,4,300001,1
126,120022,fortune,monster,normal,2,100001,8,300001,1
127,120023,fortune,monster,normal,3,100001,15,300001,1
128,120024,fortune,monster,normal,4,100001,26,300001,1
129,120025,fortune,monster,normal,5,100001,45,300001,1
130,120031,fortune,monster,normal,1,100001,4,300001,1
131,120032,fortune,monster,normal,2,100001,8,300001,1
132,120033,fortune,monster,normal,3,100001,15,300001,1
133,120034,fortune,monster,normal,4,100001,26,300001,1
134,120035,fortune,monster,normal,5,100001,45,300001,1
135,120041,fortune,monster,rare,1,100001,21,300002,1
136,120042,fortune,monster,rare,2,100001,25,300002,1
137,120043,fortune,monster,rare,3,100001,33,300002,1
138,120044,fortune,monster,rare,4,100001,46,300002,1
139,120045,fortune,monster,rare,5,100001,67,300002,1
140,120046,fortune,monster,rare,6,100001,103,300002,1
141,120051,fortune,monster,rare,1,100001,21,300002,1
142,120052,fortune,monster,rare,2,100001,25,300002,1
143,120053,fortune,monster,rare,3,100001,33,300002,1
144,120054,fortune,monster,rare,4,100001,46,300002,1
145,120055,fortune,monster,rare,5,100001,67,300002,1
146,120056,fortune,monster,rare,6,100001,103,300002,1
147,120061,fortune,monster,rare,1,100001,21,300002,1
148,120062,fortune,monster,rare,2,100001,25,300002,1
149,120063,fortune,monster,rare,3,100001,33,300002,1
150,120064,fortune,monster,rare,4,100001,46,300002,1
151,120065,fortune,monster,rare,5,100001,67,300002,1
152,120066,fortune,monster,rare,6,100001,103,300002,1
153,120071,fortune,monster,rarity,1,100001,125,300003,1
154,120072,fortune,monster,rarity,2,100001,130,300003,1
155,120073,fortune,monster,rarity,3,100001,138,300003,1
156,120074,fortune,monster,rarity,4,100001,153,300003,1
157,120075,fortune,monster,rarity,5,100001,177,300003,1
158,120076,fortune,monster,rarity,6,100001,217,300003,1
159,120077,fortune,monster,rarity,7,100001,277,300003,1
160,120081,fortune,monster,rarity,1,100001,125,300003,1
161,120082,fortune,monster,rarity,2,100001,130,300003,1
162,120083,fortune,monster,rarity,3,100001,138,300003,1
163,120084,fortune,monster,rarity,4,100001,153,300003,1
164,120085,fortune,monster,rarity,5,100001,177,300003,1
165,120086,fortune,monster,rarity,6,100001,217,300003,1
166,120087,fortune,monster,rarity,7,100001,277,300003,1
167,120091,fortune,monster,epic,1,100001,209,300004,1
168,120092,fortune,monster,epic,2,100001,214,300004,1
169,120093,fortune,monster,epic,3,100001,223,300004,1
170,120094,fortune,monster,epic,4,100001,240,300004,1
171,120095,fortune,monster,epic,5,100001,267,300004,1
172,120096,fortune,monster,epic,6,100001,311,300004,1
173,120097,fortune,monster,epic,7,100001,378,300004,1
174,120098,fortune,monster,epic,8,100001,471,300004,1
175,120101,fortune,monster,rare,1,100001,21,300002,1
176,120102,fortune,monster,rare,2,100001,25,300002,1
177,120103,fortune,monster,rare,3,100001,33,300002,1
178,120104,fortune,monster,rare,4,100001,46,300002,1
179,120105,fortune,monster,rare,5,100001,67,300002,1
180,120106,fortune,monster,rare,6,100001,103,300002,1
181,120111,fortune,monster,rarity,1,100001,125,300003,1
182,120112,fortune,monster,rarity,2,100001,130,300003,1
183,120113,fortune,monster,rarity,3,100001,138,300003,1
184,120114,fortune,monster,rarity,4,100001,153,300003,1
185,120115,fortune,monster,rarity,5,100001,177,300003,1
186,120116,fortune,monster,rarity,6,100001,217,300003,1
187,120117,fortune,monster,rarity,7,100001,277,300003,1
188,120121,fortune,monster,rarity,1,100001,125,300003,1
189,120122,fortune,monster,rarity,2,100001,130,300003,1
190,120123,fortune,monster,rarity,3,100001,138,300003,1
191,120124,fortune,monster,rarity,4,100001,153,300003,1
192,120125,fortune,monster,rarity,5,100001,177,300003,1
193,120126,fortune,monster,rarity,6,100001,217,300003,1
194,120127,fortune,monster,rarity,7,100001,277,300003,1
195,120131,fortune,monster,rarity,1,100001,125,300003,1
196,120132,fortune,monster,rarity,2,100001,130,300003,1
197,120133,fortune,monster,rarity,3,100001,138,300003,1
198,120134,fortune,monster,rarity,4,100001,153,300003,1
199,120135,fortune,monster,rarity,5,100001,177,300003,1
200,120136,fortune,monster,rarity,6,100001,217,300003,1
201,120137,fortune,monster,rarity,7,100001,277,300003,1
202,120141,fortune,monster,epic,1,100001,209,300004,1
203,120142,fortune,monster,epic,2,100001,214,300004,1
204,120143,fortune,monster,epic,3,100001,223,300004,1
205,120144,fortune,monster,epic,4,100001,240,300004,1
206,120145,fortune,monster,epic,5,100001,267,300004,1
207,120146,fortune,monster,epic,6,100001,311,300004,1
208,120147,fortune,monster,epic,7,100001,378,300004,1
209,120148,fortune,monster,epic,8,100001,471,300004,1
210,120151,fortune,monster,epic,1,100001,209,300004,1
211,120152,fortune,monster,epic,2,100001,214,300004,1
212,120153,fortune,monster,epic,3,100001,223,300004,1
213,120154,fortune,monster,epic,4,100001,240,300004,1
214,120155,fortune,monster,epic,5,100001,267,300004,1
215,120156,fortune,monster,epic,6,100001,311,300004,1
216,120157,fortune,monster,epic,7,100001,378,300004,1
217,120158,fortune,monster,epic,8,100001,471,300004,1
218,120161,fortune,monster,normal,1,100001,4,300001,1
219,120162,fortune,monster,normal,2,100001,8,300001,1
220,120163,fortune,monster,normal,3,100001,15,300001,1
221,120164,fortune,monster,normal,4,100001,26,300001,1
222,120165,fortune,monster,normal,5,100001,45,300001,1
223,120171,fortune,monster,normal,1,100001,4,300001,1
224,120172,fortune,monster,normal,2,100001,8,300001,1
225,120173,fortune,monster,normal,3,100001,15,300001,1
226,120174,fortune,monster,normal,4,100001,26,300001,1
227,120175,fortune,monster,normal,5,100001,45,300001,1
228,120181,fortune,monster,rare,1,100001,21,300002,1
229,120182,fortune,monster,rare,2,100001,25,300002,1
230,120183,fortune,monster,rare,3,100001,33,300002,1
231,120184,fortune,monster,rare,4,100001,46,300002,1
232,120185,fortune,monster,rare,5,100001,67,300002,1
233,120186,fortune,monster,rare,6,100001,103,300002,1
234,120191,fortune,monster,rare,1,100001,21,300002,1
235,120192,fortune,monster,rare,2,100001,25,300002,1
236,120193,fortune,monster,rare,3,100001,33,300002,1
237,120194,fortune,monster,rare,4,100001,46,300002,1
238,120195,fortune,monster,rare,5,100001,67,300002,1
239,120196,fortune,monster,rare,6,100001,103,300002,1
240,130011,balance,monster,normal,1,100001,4,300001,1
241,130012,balance,monster,normal,2,100001,8,300001,1
242,130013,balance,monster,normal,3,100001,15,300001,1
243,130014,balance,monster,normal,4,100001,26,300001,1
244,130015,balance,monster,normal,5,100001,45,300001,1
245,130021,balance,monster,normal,1,100001,4,300001,1
246,130022,balance,monster,normal,2,100001,8,300001,1
247,130023,balance,monster,normal,3,100001,15,300001,1
248,130024,balance,monster,normal,4,100001,26,300001,1
249,130025,balance,monster,normal,5,100001,45,300001,1
250,130031,balance,monster,normal,1,100001,4,300001,1
251,130032,balance,monster,normal,2,100001,8,300001,1
252,130033,balance,monster,normal,3,100001,15,300001,1
253,130034,balance,monster,normal,4,100001,26,300001,1
254,130035,balance,monster,normal,5,100001,45,300001,1
255,130041,balance,monster,rare,1,100001,21,300002,1
256,130042,balance,monster,rare,2,100001,25,300002,1
257,130043,balance,monster,rare,3,100001,33,300002,1
258,130044,balance,monster,rare,4,100001,46,300002,1
259,130045,balance,monster,rare,5,100001,67,300002,1
260,130046,balance,monster,rare,6,100001,103,300002,1
261,130051,balance,monster,rare,1,100001,21,300002,1
262,130052,balance,monster,rare,2,100001,25,300002,1
263,130053,balance,monster,rare,3,100001,33,300002,1
264,130054,balance,monster,rare,4,100001,46,300002,1
265,130055,balance,monster,rare,5,100001,67,300002,1
266,130056,balance,monster,rare,6,100001,103,300002,1
267,130061,balance,monster,rare,1,100001,21,300002,1
268,130062,balance,monster,rare,2,100001,25,300002,1
269,130063,balance,monster,rare,3,100001,33,300002,1
270,130064,balance,monster,rare,4,100001,46,300002,1
271,130065,balance,monster,rare,5,100001,67,300002,1
272,130066,balance,monster,rare,6,100001,103,300002,1
273,130071,balance,monster,rarity,1,100001,125,300003,1
274,130072,balance,monster,rarity,2,100001,130,300003,1
275,130073,balance,monster,rarity,3,100001,138,300003,1
276,130074,balance,monster,rarity,4,100001,153,300003,1
277,130075,balance,monster,rarity,5,100001,177,300003,1
278,130076,balance,monster,rarity,6,100001,217,300003,1
279,130077,balance,monster,rarity,7,100001,277,300003,1
280,130081,balance,monster,rarity,1,100001,125,300003,1
281,130082,balance,monster,rarity,2,100001,130,300003,1
282,130083,balance,monster,rarity,3,100001,138,300003,1
283,130084,balance,monster,rarity,4,100001,153,300003,1
284,130085,balance,monster,rarity,5,100001,177,300003,1
285,130086,balance,monster,rarity,6,100001,217,300003,1
286,130087,balance,monster,rarity,7,100001,277,300003,1
287,130091,balance,monster,epic,1,100001,209,300004,1
288,130092,balance,monster,epic,2,100001,214,300004,1
289,130093,balance,monster,epic,3,100001,223,300004,1
290,130094,balance,monster,epic,4,100001,240,300004,1
291,130095,balance,monster,epic,5,100001,267,300004,1
292,130096,balance,monster,epic,6,100001,311,300004,1
293,130097,balance,monster,epic,7,100001,378,300004,1
294,130098,balance,monster,epic,8,100001,471,300004,1
295,130101,balance,monster,rare,1,100001,21,300002,1
296,130102,balance,monster,rare,2,100001,25,300002,1
297,130103,balance,monster,rare,3,100001,33,300002,1
298,130104,balance,monster,rare,4,100001,46,300002,1
299,130105,balance,monster,rare,5,100001,67,300002,1
300,130106,balance,monster,rare,6,100001,103,300002,1
301,130111,balance,monster,rarity,1,100001,125,300003,1
302,130112,balance,monster,rarity,2,100001,130,300003,1
303,130113,balance,monster,rarity,3,100001,138,300003,1
304,130114,balance,monster,rarity,4,100001,153,300003,1
305,130115,balance,monster,rarity,5,100001,177,300003,1
306,130116,balance,monster,rarity,6,100001,217,300003,1
307,130117,balance,monster,rarity,7,100001,277,300003,1
308,130121,balance,monster,rarity,1,100001,125,300003,1
309,130122,balance,monster,rarity,2,100001,130,300003,1
310,130123,balance,monster,rarity,3,100001,138,300003,1
311,130124,balance,monster,rarity,4,100001,153,300003,1
312,130125,balance,monster,rarity,5,100001,177,300003,1
313,130126,balance,monster,rarity,6,100001,217,300003,1
314,130127,balance,monster,rarity,7,100001,277,300003,1
315,130131,balance,monster,rarity,1,100001,125,300003,1
316,130132,balance,monster,rarity,2,100001,130,300003,1
317,130133,balance,monster,rarity,3,100001,138,300003,1
318,130134,balance,monster,rarity,4,100001,153,300003,1
319,130135,balance,monster,rarity,5,100001,177,300003,1
320,130136,balance,monster,rarity,6,100001,217,300003,1
321,130137,balance,monster,rarity,7,100001,277,300003,1
322,130141,balance,monster,epic,1,100001,209,300004,1
323,130142,balance,monster,epic,2,100001,214,300004,1
324,130143,balance,monster,epic,3,100001,223,300004,1
325,130144,balance,monster,epic,4,100001,240,300004,1
326,130145,balance,monster,epic,5,100001,267,300004,1
327,130146,balance,monster,epic,6,100001,311,300004,1
328,130147,balance,monster,epic,7,100001,378,300004,1
329,130148,balance,monster,epic,8,100001,471,300004,1
330,130141,balance,monster,epic,1,100001,209,300004,1
331,130142,balance,monster,epic,2,100001,214,300004,1
332,130143,balance,monster,epic,3,100001,223,300004,1
333,130144,balance,monster,epic,4,100001,240,300004,1
334,130145,balance,monster,epic,5,100001,267,300004,1
335,130146,balance,monster,epic,6,100001,311,300004,1
336,130147,balance,monster,epic,7,100001,378,300004,1
337,130148,balance,monster,epic,8,100001,471,300004,1
338,130151,balance,monster,epic,1,100001,209,300004,1
339,130152,balance,monster,epic,2,100001,214,300004,1
340,130153,balance,monster,epic,3,100001,223,300004,1
341,130154,balance,monster,epic,4,100001,240,300004,1
342,130155,balance,monster,epic,5,100001,267,300004,1
343,130156,balance,monster,epic,6,100001,311,300004,1
344,130157,balance,monster,epic,7,100001,378,300004,1
345,130158,balance,monster,epic,8,100001,471,300004,1
346,130161,balance,monster,normal,1,100001,4,300001,1
347,130162,balance,monster,normal,2,100001,8,300001,1
348,130163,balance,monster,normal,3,100001,15,300001,1
349,130164,balance,monster,normal,4,100001,26,300001,1
350,130165,balance,monster,normal,5,100001,45,300001,1
351,130171,balance,monster,normal,1,100001,4,300001,1
352,130172,balance,monster,normal,2,100001,8,300001,1
353,130173,balance,monster,normal,3,100001,15,300001,1
354,130174,balance,monster,normal,4,100001,26,300001,1
355,130175,balance,monster,normal,5,100001,45,300001,1
356,130181,balance,monster,rare,1,100001,21,300002,1
357,130182,balance,monster,rare,2,100001,25,300002,1
358,130183,balance,monster,rare,3,100001,33,300002,1
359,130184,balance,monster,rare,4,100001,46,300002,1
360,130185,balance,monster,rare,5,100001,67,300002,1
361,130186,balance,monster,rare,6,100001,103,300002,1
362,130191,balance,monster,rare,1,100001,21,300002,1
363,130192,balance,monster,rare,2,100001,25,300002,1
364,130193,balance,monster,rare,3,100001,33,300002,1
365,130194,balance,monster,rare,4,100001,46,300002,1
366,130195,balance,monster,rare,5,100001,67,300002,1
367,130196,balance,monster,rare,6,100001,103,300002,1
368,140011,nature,monster,normal,1,100001,4,300001,1
369,140012,nature,monster,normal,2,100001,8,300001,1
370,140013,nature,monster,normal,3,100001,15,300001,1
371,140014,nature,monster,normal,4,100001,26,300001,1
372,140015,nature,monster,normal,5,100001,45,300001,1
373,140021,nature,monster,normal,1,100001,4,300001,1
374,140022,nature,monster,normal,2,100001,8,300001,1
375,140023,nature,monster,normal,3,100001,15,300001,1
376,140024,nature,monster,normal,4,100001,26,300001,1
377,140025,nature,monster,normal,5,100001,45,300001,1
378,140031,nature,monster,normal,1,100001,4,300001,1
379,140032,nature,monster,normal,2,100001,8,300001,1
380,140033,nature,monster,normal,3,100001,15,300001,1
381,140034,nature,monster,normal,4,100001,26,300001,1
382,140035,nature,monster,normal,5,100001,45,300001,1
383,140041,nature,monster,rare,1,100001,21,300002,1
384,140042,nature,monster,rare,2,100001,25,300002,1
385,140043,nature,monster,rare,3,100001,33,300002,1
386,140044,nature,monster,rare,4,100001,46,300002,1
387,140045,nature,monster,rare,5,100001,67,300002,1
388,140046,nature,monster,rare,6,100001,103,300002,1
389,140051,nature,monster,rare,1,100001,21,300002,1
390,140052,nature,monster,rare,2,100001,25,300002,1
391,140053,nature,monster,rare,3,100001,33,300002,1
392,140054,nature,monster,rare,4,100001,46,300002,1
393,140055,nature,monster,rare,5,100001,67,300002,1
394,140056,nature,monster,rare,6,100001,103,300002,1
395,140061,nature,monster,rare,1,100001,21,300002,1
396,140062,nature,monster,rare,2,100001,25,300002,1
397,140063,nature,monster,rare,3,100001,33,300002,1
398,140064,nature,monster,rare,4,100001,46,300002,1
399,140065,nature,monster,rare,5,100001,67,300002,1
400,140066,nature,monster,rare,6,100001,103,300002,1
401,140071,nature,monster,rarity,1,100001,125,300003,1
402,140072,nature,monster,rarity,2,100001,130,300003,1
403,140073,nature,monster,rarity,3,100001,138,300003,1
404,140074,nature,monster,rarity,4,100001,153,300003,1
405,140075,nature,monster,rarity,5,100001,177,300003,1
406,140076,nature,monster,rarity,6,100001,217,300003,1
407,140077,nature,monster,rarity,7,100001,277,300003,1
408,140081,nature,monster,rarity,1,100001,125,300003,1
409,140082,nature,monster,rarity,2,100001,130,300003,1
410,140083,nature,monster,rarity,3,100001,138,300003,1
411,140084,nature,monster,rarity,4,100001,153,300003,1
412,140085,nature,monster,rarity,5,100001,177,300003,1
413,140086,nature,monster,rarity,6,100001,217,300003,1
414,140087,nature,monster,rarity,7,100001,277,300003,1
415,140091,nature,monster,epic,1,100001,209,300004,1
416,140092,nature,monster,epic,2,100001,214,300004,1
417,140093,nature,monster,epic,3,100001,223,300004,1
418,140094,nature,monster,epic,4,100001,240,300004,1
419,140095,nature,monster,epic,5,100001,267,300004,1
420,140096,nature,monster,epic,6,100001,311,300004,1
421,140097,nature,monster,epic,7,100001,378,300004,1
422,140098,nature,monster,epic,8,100001,471,300004,1
423,140101,nature,monster,rare,1,100001,21,300002,1
424,140102,nature,monster,rare,2,100001,25,300002,1
425,140103,nature,monster,rare,3,100001,33,300002,1
426,140104,nature,monster,rare,4,100001,46,300002,1
427,140105,nature,monster,rare,5,100001,67,300002,1
428,140106,nature,monster,rare,6,100001,103,300002,1
429,140111,nature,monster,rarity,1,100001,125,300003,1
430,140112,nature,monster,rarity,2,100001,130,300003,1
431,140113,nature,monster,rarity,3,100001,138,300003,1
432,140114,nature,monster,rarity,4,100001,153,300003,1
433,140115,nature,monster,rarity,5,100001,177,300003,1
434,140116,nature,monster,rarity,6,100001,217,300003,1
435,140117,nature,monster,rarity,7,100001,277,300003,1
436,140121,nature,monster,rarity,1,100001,125,300003,1
437,140122,nature,monster,rarity,2,100001,130,300003,1
438,140123,nature,monster,rarity,3,100001,138,300003,1
439,140124,nature,monster,rarity,4,100001,153,300003,1
440,140125,nature,monster,rarity,5,100001,177,300003,1
441,140126,nature,monster,rarity,6,100001,217,300003,1
442,140127,nature,monster,rarity,7,100001,277,300003,1
443,140131,nature,monster,rarity,1,100001,125,300003,1
444,140132,nature,monster,rarity,2,100001,130,300003,1
445,140133,nature,monster,rarity,3,100001,138,300003,1
446,140134,nature,monster,rarity,4,100001,153,300003,1
447,140135,nature,monster,rarity,5,100001,177,300003,1
448,140136,nature,monster,rarity,6,100001,217,300003,1
449,140137,nature,monster,rarity,7,100001,277,300003,1
450,140141,nature,monster,epic,1,100001,209,300004,1
451,140142,nature,monster,epic,2,100001,214,300004,1
452,140143,nature,monster,epic,3,100001,223,300004,1
453,140144,nature,monster,epic,4,100001,240,300004,1
454,140145,nature,monster,epic,5,100001,267,300004,1
455,140146,nature,monster,epic,6,100001,311,300004,1
456,140147,nature,monster,epic,7,100001,378,300004,1
457,140148,nature,monster,epic,8,100001,471,300004,1
458,140151,nature,monster,epic,1,100001,209,300004,1
459,140152,nature,monster,epic,2,100001,214,300004,1
460,140153,nature,monster,epic,3,100001,223,300004,1
461,140154,nature,monster,epic,4,100001,240,300004,1
462,140155,nature,monster,epic,5,100001,267,300004,1
463,140156,nature,monster,epic,6,100001,311,300004,1
464,140157,nature,monster,epic,7,100001,378,300004,1
465,140158,nature,monster,epic,8,100001,471,300004,1
466,140161,nature,monster,normal,1,100001,4,300001,1
467,140162,nature,monster,normal,2,100001,8,300001,1
468,140163,nature,monster,normal,3,100001,15,300001,1
469,140164,nature,monster,normal,4,100001,26,300001,1
470,140165,nature,monster,normal,5,100001,45,300001,1
471,140171,nature,monster,normal,1,100001,4,300001,1
472,140172,nature,monster,normal,2,100001,8,300001,1
473,140173,nature,monster,normal,3,100001,15,300001,1
474,140174,nature,monster,normal,4,100001,26,300001,1
475,140175,nature,monster,normal,5,100001,45,300001,1
476,140181,nature,monster,rare,1,100001,21,300002,1
477,140182,nature,monster,rare,2,100001,25,300002,1
478,140183,nature,monster,rare,3,100001,33,300002,1
479,140184,nature,monster,rare,4,100001,46,300002,1
480,140185,nature,monster,rare,5,100001,67,300002,1
481,140186,nature,monster,rare,6,100001,103,300002,1
482,140191,nature,monster,rare,1,100001,21,300002,1
483,140192,nature,monster,rare,2,100001,25,300002,1
484,140193,nature,monster,rare,3,100001,33,300002,1
485,140194,nature,monster,rare,4,100001,46,300002,1
486,140195,nature,monster,rare,5,100001,67,300002,1
487,140196,nature,monster,rare,6,100001,103,300002,1
488,150011,chaos,monster,normal,1,100001,4,300001,1
489,150012,chaos,monster,normal,2,100001,8,300001,1
490,150013,chaos,monster,normal,3,100001,15,300001,1
491,150014,chaos,monster,normal,4,100001,26,300001,1
492,150015,chaos,monster,normal,5,100001,45,300001,1
493,150021,chaos,monster,normal,1,100001,4,300001,1
494,150022,chaos,monster,normal,2,100001,8,300001,1
495,150023,chaos,monster,normal,3,100001,15,300001,1
496,150024,chaos,monster,normal,4,100001,26,300001,1
497,150025,chaos,monster,normal,5,100001,45,300001,1
498,150031,chaos,monster,normal,1,100001,4,300001,1
499,150032,chaos,monster,normal,2,100001,8,300001,1
500,150033,chaos,monster,normal,3,100001,15,300001,1
501,150034,chaos,monster,normal,4,100001,26,300001,1
502,150035,chaos,monster,normal,5,100001,45,300001,1
503,150041,chaos,monster,rare,1,100001,21,300002,1
504,150042,chaos,monster,rare,2,100001,25,300002,1
505,150043,chaos,monster,rare,3,100001,33,300002,1
506,150044,chaos,monster,rare,4,100001,46,300002,1
507,150045,chaos,monster,rare,5,100001,67,300002,1
508,150046,chaos,monster,rare,6,100001,103,300002,1
509,150051,chaos,monster,rare,1,100001,21,300002,1
510,150052,chaos,monster,rare,2,100001,25,300002,1
511,150053,chaos,monster,rare,3,100001,33,300002,1
512,150054,chaos,monster,rare,4,100001,46,300002,1
513,150055,chaos,monster,rare,5,100001,67,300002,1
514,150056,chaos,monster,rare,6,100001,103,300002,1
515,150061,chaos,monster,rare,1,100001,21,300002,1
516,150062,chaos,monster,rare,2,100001,25,300002,1
517,150063,chaos,monster,rare,3,100001,33,300002,1
518,150064,chaos,monster,rare,4,100001,46,300002,1
519,150065,chaos,monster,rare,5,100001,67,300002,1
520,150066,chaos,monster,rare,6,100001,103,300002,1
521,150071,chaos,monster,rarity,1,100001,125,300003,1
522,150072,chaos,monster,rarity,2,100001,130,300003,1
523,150073,chaos,monster,rarity,3,100001,138,300003,1
524,150074,chaos,monster,rarity,4,100001,153,300003,1
525,150075,chaos,monster,rarity,5,100001,177,300003,1
526,150076,chaos,monster,rarity,6,100001,217,300003,1
527,150077,chaos,monster,rarity,7,100001,277,300003,1
528,150081,chaos,monster,rarity,1,100001,125,300003,1
529,150082,chaos,monster,rarity,2,100001,130,300003,1
530,150083,chaos,monster,rarity,3,100001,138,300003,1
531,150084,chaos,monster,rarity,4,100001,153,300003,1
532,150085,chaos,monster,rarity,5,100001,177,300003,1
533,150086,chaos,monster,rarity,6,100001,217,300003,1
534,150087,chaos,monster,rarity,7,100001,277,300003,1
535,150091,chaos,monster,epic,1,100001,209,300004,1
536,150092,chaos,monster,epic,2,100001,214,300004,1
537,150093,chaos,monster,epic,3,100001,223,300004,1
538,150094,chaos,monster,epic,4,100001,240,300004,1
539,150095,chaos,monster,epic,5,100001,267,300004,1
540,150096,chaos,monster,epic,6,100001,311,300004,1
541,150097,chaos,monster,epic,7,100001,378,300004,1
542,150098,chaos,monster,epic,8,100001,471,300004,1
543,150101,chaos,monster,rare,1,100001,21,300002,1
544,150102,chaos,monster,rare,2,100001,25,300002,1
545,150103,chaos,monster,rare,3,100001,33,300002,1
546,150104,chaos,monster,rare,4,100001,46,300002,1
547,150105,chaos,monster,rare,5,100001,67,300002,1
548,150106,chaos,monster,rare,6,100001,103,300002,1
549,150111,chaos,monster,epic,1,100001,209,300004,1
550,150112,chaos,monster,epic,2,100001,214,300004,1
551,150113,chaos,monster,epic,3,100001,223,300004,1
552,150114,chaos,monster,epic,4,100001,240,300004,1
553,150115,chaos,monster,epic,5,100001,267,300004,1
554,150116,chaos,monster,epic,6,100001,311,300004,1
555,150117,chaos,monster,epic,7,100001,378,300004,1
556,150118,chaos,monster,epic,8,100001,471,300004,1
557,150121,chaos,monster,rarity,1,100001,125,300003,1
558,150122,chaos,monster,rarity,2,100001,130,300003,1
559,150123,chaos,monster,rarity,3,100001,138,300003,1
560,150124,chaos,monster,rarity,4,100001,153,300003,1
561,150125,chaos,monster,rarity,5,100001,177,300003,1
562,150126,chaos,monster,rarity,6,100001,217,300003,1
563,150127,chaos,monster,rarity,7,100001,277,300003,1
564,150131,chaos,monster,rarity,1,100001,125,300003,1
565,150132,chaos,monster,rarity,2,100001,130,300003,1
566,150133,chaos,monster,rarity,3,100001,138,300003,1
567,150134,chaos,monster,rarity,4,100001,153,300003,1
568,150135,chaos,monster,rarity,5,100001,177,300003,1
569,150136,chaos,monster,rarity,6,100001,217,300003,1
570,150137,chaos,monster,rarity,7,100001,277,300003,1
571,150141,chaos,monster,epic,1,100001,209,300004,1
572,150142,chaos,monster,epic,2,100001,214,300004,1
573,150143,chaos,monster,epic,3,100001,223,300004,1
574,150144,chaos,monster,epic,4,100001,240,300004,1
575,150145,chaos,monster,epic,5,100001,267,300004,1
576,150146,chaos,monster,epic,6,100001,311,300004,1
577,150147,chaos,monster,epic,7,100001,378,300004,1
578,150148,chaos,monster,epic,8,100001,471,300004,1
579,150151,chaos,monster,rarity,1,100001,125,300003,1
580,150152,chaos,monster,rarity,2,100001,130,300003,1
581,150153,chaos,monster,rarity,3,100001,138,300003,1
582,150154,chaos,monster,rarity,4,100001,153,300003,1
583,150155,chaos,monster,rarity,5,100001,177,300003,1
584,150156,chaos,monster,rarity,6,100001,217,300003,1
585,150157,chaos,monster,rarity,7,100001,277,300003,1
586,150161,chaos,monster,normal,1,100001,4,300001,1
587,150162,chaos,monster,normal,2,100001,8,300001,1
588,150163,chaos,monster,normal,3,100001,15,300001,1
589,150164,chaos,monster,normal,4,100001,26,300001,1
590,150165,chaos,monster,normal,5,100001,45,300001,1
591,150171,chaos,monster,normal,1,100001,4,300001,1
592,150172,chaos,monster,normal,2,100001,8,300001,1
593,150173,chaos,monster,normal,3,100001,15,300001,1
594,150174,chaos,monster,normal,4,100001,26,300001,1
595,150175,chaos,monster,normal,5,100001,45,300001,1
596,150181,chaos,monster,rare,1,100001,21,300002,1
597,150182,chaos,monster,rare,2,100001,25,300002,1
598,150183,chaos,monster,rare,3,100001,33,300002,1
599,150184,chaos,monster,rare,4,100001,46,300002,1
600,150185,chaos,monster,rare,5,100001,67,300002,1
601,150186,chaos,monster,rare,6,100001,103,300002,1
602,150191,chaos,monster,rare,1,100001,21,300002,1
603,150192,chaos,monster,rare,2,100001,25,300002,1
604,150193,chaos,monster,rare,3,100001,33,300002,1
605,150194,chaos,monster,rare,4,100001,46,300002,1
606,150195,chaos,monster,rare,5,100001,67,300002,1
607,150196,chaos,monster,rare,6,100001,103,300002,1
608,21001,war,armor,normal,1,200001,4,300001,1
609,210011,war,armor,normal,2,200001,28,300001,1
610,210012,war,armor,normal,3,200001,68,300001,1
611,22001,fortune,armor,normal,1,200001,4,300001,1
612,220011,fortune,armor,normal,2,200001,28,300001,1
613,220012,fortune,armor,normal,3,200001,68,300001,1
614,23001,balance,armor,normal,1,200001,4,300001,1
615,230011,balance,armor,normal,2,200001,28,300001,1
616,230012,balance,armor,normal,3,200001,68,300001,1
617,24001,nature,armor,normal,1,200001,4,300001,1
618,240011,nature,armor,normal,2,200001,28,300001,1
619,240012,nature,armor,normal,3,200001,68,300001,1
620,25001,chaos,armor,normal,1,200001,4,300001,1
621,250011,chaos,armor,normal,2,200001,28,300001,1
622,250012,chaos,armor,normal,3,200001,68,300001,1
623,26001,all,armor,normal,1,200001,4,300001,1
624,260011,all,armor,normal,2,200001,28,300001,1
625,260012,all,armor,normal,3,200001,68,300001,1
626,21002,war,armor,normal,1,200001,4,300001,1
627,210021,war,armor,normal,2,200001,28,300001,1
628,210022,war,armor,normal,3,200001,68,300001,1
629,22002,fortune,armor,normal,1,200001,4,300001,1
630,220021,fortune,armor,normal,2,200001,28,300001,1
631,220022,fortune,armor,normal,3,200001,68,300001,1
632,23002,balance,armor,normal,1,200001,4,300001,1
633,230021,balance,armor,normal,2,200001,28,300001,1
634,230022,balance,armor,normal,3,200001,68,300001,1
635,24002,nature,armor,normal,1,200001,4,300001,1
636,240021,nature,armor,normal,2,200001,28,300001,1
637,240022,nature,armor,normal,3,200001,68,300001,1
638,25002,chaos,armor,normal,1,200001,4,300001,1
639,250021,chaos,armor,normal,2,200001,28,300001,1
640,250022,chaos,armor,normal,3,200001,68,300001,1
641,26002,all,armor,normal,1,200001,4,300001,1
642,260021,all,armor,normal,2,200001,28,300001,1
643,260022,all,armor,normal,3,200001,68,300001,1
644,21003,war,armor,normal,1,200001,4,300001,1
645,210031,war,armor,normal,2,200001,28,300001,1
646,210032,war,armor,normal,3,200001,68,300001,1
647,22003,fortune,armor,normal,1,200001,4,300001,1
648,220031,fortune,armor,normal,2,200001,28,300001,1
649,220032,fortune,armor,normal,3,200001,68,300001,1
650,23003,balance,armor,normal,1,200001,4,300001,1
651,230031,balance,armor,normal,2,200001,28,300001,1
652,230032,balance,armor,normal,3,200001,68,300001,1
653,24003,nature,armor,normal,1,200001,4,300001,1
654,240031,nature,armor,normal,2,200001,28,300001,1
655,240032,nature,armor,normal,3,200001,68,300001,1
656,25003,chaos,armor,normal,1,200001,4,300001,1
657,250031,chaos,armor,normal,2,200001,28,300001,1
658,250032,chaos,armor,normal,3,200001,68,300001,1
659,26003,all,armor,normal,1,200001,4,300001,1
660,260031,all,armor,normal,2,200001,28,300001,1
661,260032,all,armor,normal,3,200001,68,300001,1
662,21004,war,armor,normal,1,200001,4,300001,1
663,210041,war,armor,normal,2,200001,28,300001,1
664,210042,war,armor,normal,3,200001,68,300001,1
665,22004,fortune,armor,normal,1,200001,4,300001,1
666,220041,fortune,armor,normal,2,200001,28,300001,1
667,220042,fortune,armor,normal,3,200001,68,300001,1
668,23004,balance,armor,normal,1,200001,4,300001,1
669,230041,balance,armor,normal,2,200001,28,300001,1
670,230042,balance,armor,normal,3,200001,68,300001,1
671,24004,nature,armor,normal,1,200001,4,300001,1
672,240041,nature,armor,normal,2,200001,28,300001,1
673,240042,nature,armor,normal,3,200001,68,300001,1
674,25004,chaos,armor,normal,1,200001,4,300001,1
675,250041,chaos,armor,normal,2,200001,28,300001,1
676,250042,chaos,armor,normal,3,200001,68,300001,1
677,26004,all,armor,normal,1,200001,4,300001,1
678,260041,all,armor,normal,2,200001,28,300001,1
679,260042,all,armor,normal,3,200001,68,300001,1
680,21005,war,armor,rare,1,200001,14,300002,1
681,210051,war,armor,rare,2,200001,43,300002,1
682,210052,war,armor,rare,3,200001,94,300002,1
683,22005,fortune,armor,rare,1,200001,14,300002,1
684,220051,fortune,armor,rare,2,200001,43,300002,1
685,220052,fortune,armor,rare,3,200001,94,300002,1
686,23005,balance,armor,rare,1,200001,14,300002,1
687,230051,balance,armor,rare,2,200001,43,300002,1
688,230052,balance,armor,rare,3,200001,94,300002,1
689,24005,nature,armor,rare,1,200001,14,300002,1
690,240051,nature,armor,rare,2,200001,43,300002,1
691,240052,nature,armor,rare,3,200001,94,300002,1
692,25005,chaos,armor,rare,1,200001,14,300002,1
693,250051,chaos,armor,rare,2,200001,43,300002,1
694,250052,chaos,armor,rare,3,200001,94,300002,1
695,26005,all,armor,rare,1,200001,14,300002,1
696,260051,all,armor,rare,2,200001,43,300002,1
697,260052,all,armor,rare,3,200001,94,300002,1
698,22006,fortune,armor,normal,1,200001,4,300001,1
699,220061,fortune,armor,normal,2,200001,28,300001,1
700,220062,fortune,armor,normal,3,200001,68,300001,1
701,23006,balance,armor,normal,1,200001,4,300001,1
702,230061,balance,armor,normal,2,200001,28,300001,1
703,230062,balance,armor,normal,3,200001,68,300001,1
704,24006,nature,armor,normal,1,200001,4,300001,1
705,240061,nature,armor,normal,2,200001,28,300001,1
706,240062,nature,armor,normal,3,200001,68,300001,1
707,25006,chaos,armor,normal,1,200001,4,300001,1
708,250061,chaos,armor,normal,2,200001,28,300001,1
709,250062,chaos,armor,normal,3,200001,68,300001,1
710,26006,all,armor,normal,1,200001,4,300001,1
711,260061,all,armor,normal,2,200001,28,300001,1
712,260062,all,armor,normal,3,200001,68,300001,1
713,21007,war,armor,normal,1,200001,4,300001,1
714,210071,war,armor,normal,2,200001,28,300001,1
715,210072,war,armor,normal,3,200001,68,300001,1
716,22007,fortune,armor,normal,1,200001,4,300001,1
717,220071,fortune,armor,normal,2,200001,28,300001,1
718,220072,fortune,armor,normal,3,200001,68,300001,1
719,23007,balance,armor,normal,1,200001,4,300001,1
720,230071,balance,armor,normal,2,200001,28,300001,1
721,230072,balance,armor,normal,3,200001,68,300001,1
722,24007,nature,armor,normal,1,200001,4,300001,1
723,240071,nature,armor,normal,2,200001,28,300001,1
724,240072,nature,armor,normal,3,200001,68,300001,1
725,25007,chaos,armor,normal,1,200001,4,300001,1
726,250071,chaos,armor,normal,2,200001,28,300001,1
727,250072,chaos,armor,normal,3,200001,68,300001,1
728,26007,all,armor,normal,1,200001,4,300001,1
729,260071,all,armor,normal,2,200001,28,300001,1
730,260072,all,armor,normal,3,200001,68,300001,1
731,22008,fortune,armor,normal,1,200001,4,300001,1
732,220081,fortune,armor,normal,2,200001,28,300001,1
733,220082,fortune,armor,normal,3,200001,68,300001,1
734,23008,balance,armor,normal,1,200001,4,300001,1
735,230081,balance,armor,normal,2,200001,28,300001,1
736,230082,balance,armor,normal,3,200001,68,300001,1
737,24008,nature,armor,normal,1,200001,4,300001,1
738,240081,nature,armor,normal,2,200001,28,300001,1
739,240082,nature,armor,normal,3,200001,68,300001,1
740,26008,all,armor,normal,1,200001,4,300001,1
741,260081,all,armor,normal,2,200001,28,300001,1
742,260082,all,armor,normal,3,200001,68,300001,1
743,21009,war,armor,rare,1,200001,14,300002,1
744,210091,war,armor,rare,2,200001,43,300002,1
745,210092,war,armor,rare,3,200001,94,300002,1
746,22009,fortune,armor,rare,1,200001,14,300002,1
747,220091,fortune,armor,rare,2,200001,43,300002,1
748,220092,fortune,armor,rare,3,200001,94,300002,1
749,23009,balance,armor,rare,1,200001,14,300002,1
750,230091,balance,armor,rare,2,200001,43,300002,1
751,230092,balance,armor,rare,3,200001,94,300002,1
752,24009,nature,armor,rare,1,200001,14,300002,1
753,240091,nature,armor,rare,2,200001,43,300002,1
754,240092,nature,armor,rare,3,200001,94,300002,1
755,25009,chaos,armor,rare,1,200001,14,300002,1
756,250091,chaos,armor,rare,2,200001,43,300002,1
757,250092,chaos,armor,rare,3,200001,94,300002,1
758,26009,all,armor,rare,1,200001,14,300002,1
759,260091,all,armor,rare,2,200001,43,300002,1
760,260092,all,armor,rare,3,200001,94,300002,1
761,21010,war,armor,rare,1,200001,14,300002,1
762,210101,war,armor,rare,2,200001,43,300002,1
763,210102,war,armor,rare,3,200001,94,300002,1
764,22010,fortune,armor,rare,1,200001,14,300002,1
765,220101,fortune,armor,rare,2,200001,43,300002,1
766,220102,fortune,armor,rare,3,200001,94,300002,1
767,23010,balance,armor,rare,1,200001,14,300002,1
768,230101,balance,armor,rare,2,200001,43,300002,1
769,230102,balance,armor,rare,3,200001,94,300002,1
770,24010,nature,armor,rare,1,200001,14,300002,1
771,240101,nature,armor,rare,2,200001,43,300002,1
772,240102,nature,armor,rare,3,200001,94,300002,1
773,25010,chaos,armor,rare,1,200001,14,300002,1
774,250101,chaos,armor,rare,2,200001,43,300002,1
775,250102,chaos,armor,rare,3,200001,94,300002,1
776,26010,all,armor,rare,1,200001,14,300002,1
777,260101,all,armor,rare,2,200001,43,300002,1
778,260102,all,armor,rare,3,200001,94,300002,1
779,21011,war,armor,rare,1,200001,14,300002,1
780,210111,war,armor,rare,2,200001,43,300002,1
781,210112,war,armor,rare,3,200001,94,300002,1
782,22011,fortune,armor,rare,1,200001,14,300002,1
783,220111,fortune,armor,rare,2,200001,43,300002,1
784,220112,fortune,armor,rare,3,200001,94,300002,1
785,23011,balance,armor,rare,1,200001,14,300002,1
786,230111,balance,armor,rare,2,200001,43,300002,1
787,230112,balance,armor,rare,3,200001,94,300002,1
788,24011,nature,armor,rare,1,200001,14,300002,1
789,240111,nature,armor,rare,2,200001,43,300002,1
790,240112,nature,armor,rare,3,200001,94,300002,1
791,25011,chaos,armor,rare,1,200001,14,300002,1
792,250111,chaos,armor,rare,2,200001,43,300002,1
793,250112,chaos,armor,rare,3,200001,94,300002,1
794,26011,all,armor,rare,1,200001,14,300002,1
795,260111,all,armor,rare,2,200001,43,300002,1
796,260112,all,armor,rare,3,200001,94,300002,1
797,21012,war,armor,rare,1,200001,14,300002,1
798,210121,war,armor,rare,2,200001,43,300002,1
799,210122,war,armor,rare,3,200001,94,300002,1
800,22012,fortune,armor,rare,1,200001,14,300002,1
801,220121,fortune,armor,rare,2,200001,43,300002,1
802,220122,fortune,armor,rare,3,200001,94,300002,1
803,23012,balance,armor,rare,1,200001,14,300002,1
804,230121,balance,armor,rare,2,200001,43,300002,1
805,230122,balance,armor,rare,3,200001,94,300002,1
806,24012,nature,armor,rare,1,200001,14,300002,1
807,240121,nature,armor,rare,2,200001,43,300002,1
808,240122,nature,armor,rare,3,200001,94,300002,1
809,25012,chaos,armor,rare,1,200001,14,300002,1
810,250121,chaos,armor,rare,2,200001,43,300002,1
811,250122,chaos,armor,rare,3,200001,94,300002,1
812,26012,all,armor,rare,1,200001,14,300002,1
813,260121,all,armor,rare,2,200001,43,300002,1
814,260122,all,armor,rare,3,200001,94,300002,1
815,21013,war,armor,rare,1,200001,14,300002,1
816,210131,war,armor,rare,2,200001,43,300002,1
817,210132,war,armor,rare,3,200001,94,300002,1
818,22013,fortune,armor,rare,1,200001,14,300002,1
819,220131,fortune,armor,rare,2,200001,43,300002,1
820,220132,fortune,armor,rare,3,200001,94,300002,1
821,23013,balance,armor,rare,1,200001,14,300002,1
822,230131,balance,armor,rare,2,200001,43,300002,1
823,230132,balance,armor,rare,3,200001,94,300002,1
824,24013,nature,armor,rare,1,200001,14,300002,1
825,240131,nature,armor,rare,2,200001,43,300002,1
826,240132,nature,armor,rare,3,200001,94,300002,1
827,25013,chaos,armor,rare,1,200001,14,300002,1
828,250131,chaos,armor,rare,2,200001,43,300002,1
829,250132,chaos,armor,rare,3,200001,94,300002,1
830,26013,all,armor,rare,1,200001,14,300002,1
831,260131,all,armor,rare,2,200001,43,300002,1
832,260132,all,armor,rare,3,200001,94,300002,1
833,21014,war,armor,rare,1,200001,14,300002,1
834,210141,war,armor,rare,2,200001,43,300002,1
835,210142,war,armor,rare,3,200001,94,300002,1
836,22014,fortune,armor,rare,1,200001,14,300002,1
837,220141,fortune,armor,rare,2,200001,43,300002,1
838,220142,fortune,armor,rare,3,200001,94,300002,1
839,23014,balance,armor,rare,1,200001,14,300002,1
840,230141,balance,armor,rare,2,200001,43,300002,1
841,230142,balance,armor,rare,3,200001,94,300002,1
842,24014,nature,armor,rare,1,200001,14,300002,1
843,240141,nature,armor,rare,2,200001,43,300002,1
844,240142,nature,armor,rare,3,200001,94,300002,1
845,25014,chaos,armor,rare,1,200001,14,300002,1
846,250141,chaos,armor,rare,2,200001,43,300002,1
847,250142,chaos,armor,rare,3,200001,94,300002,1
848,26014,all,armor,rare,1,200001,14,300002,1
849,260141,all,armor,rare,2,200001,43,300002,1
850,260142,all,armor,rare,3,200001,94,300002,1
851,21015,war,armor,rare,1,200001,14,300002,1
852,210151,war,armor,rare,2,200001,43,300002,1
853,210152,war,armor,rare,3,200001,94,300002,1
854,22015,fortune,armor,rare,1,200001,14,300002,1
855,220151,fortune,armor,rare,2,200001,43,300002,1
856,220152,fortune,armor,rare,3,200001,94,300002,1
857,23015,balance,armor,rare,1,200001,14,300002,1
858,230151,balance,armor,rare,2,200001,43,300002,1
859,230152,balance,armor,rare,3,200001,94,300002,1
860,24015,nature,armor,rare,1,200001,14,300002,1
861,240151,nature,armor,rare,2,200001,43,300002,1
862,240152,nature,armor,rare,3,200001,94,300002,1
863,25015,chaos,armor,rare,1,200001,14,300002,1
864,250151,chaos,armor,rare,2,200001,43,300002,1
865,250152,chaos,armor,rare,3,200001,94,300002,1
866,26015,all,armor,rare,1,200001,14,300002,1
867,260151,all,armor,rare,2,200001,43,300002,1
868,260152,all,armor,rare,3,200001,94,300002,1
869,21016,war,armor,rare,1,200001,14,300002,1
870,210161,war,armor,rare,2,200001,43,300002,1
871,210162,war,armor,rare,3,200001,94,300002,1
872,22016,fortune,armor,rare,1,200001,14,300002,1
873,220161,fortune,armor,rare,2,200001,43,300002,1
874,220162,fortune,armor,rare,3,200001,94,300002,1
875,24016,nature,armor,rare,1,200001,14,300002,1
876,240161,nature,armor,rare,2,200001,43,300002,1
877,240162,nature,armor,rare,3,200001,94,300002,1
878,25016,chaos,armor,rare,1,200001,14,300002,1
879,250161,chaos,armor,rare,2,200001,43,300002,1
880,250162,chaos,armor,rare,3,200001,94,300002,1
881,26016,all,armor,rare,1,200001,14,300002,1
882,260161,all,armor,rare,2,200001,43,300002,1
883,260162,all,armor,rare,3,200001,94,300002,1
884,21017,war,armor,rare,1,200001,14,300002,1
885,210171,war,armor,rare,2,200001,43,300002,1
886,210172,war,armor,rare,3,200001,94,300002,1
887,22017,fortune,armor,rare,1,200001,14,300002,1
888,220171,fortune,armor,rare,2,200001,43,300002,1
889,220172,fortune,armor,rare,3,200001,94,300002,1
890,23017,balance,armor,rare,1,200001,14,300002,1
891,230171,balance,armor,rare,2,200001,43,300002,1
892,230172,balance,armor,rare,3,200001,94,300002,1
893,24017,nature,armor,rare,1,200001,14,300002,1
894,240171,nature,armor,rare,2,200001,43,300002,1
895,240172,nature,armor,rare,3,200001,94,300002,1
896,26017,all,armor,rare,1,200001,14,300002,1
897,260171,all,armor,rare,2,200001,43,300002,1
898,260172,all,armor,rare,3,200001,94,300002,1
899,22018,fortune,armor,rare,1,200001,14,300002,1
900,220181,fortune,armor,rare,2,200001,43,300002,1
901,220182,fortune,armor,rare,3,200001,94,300002,1
902,23018,balance,armor,rare,1,200001,14,300002,1
903,230181,balance,armor,rare,2,200001,43,300002,1
904,230182,balance,armor,rare,3,200001,94,300002,1
905,24018,nature,armor,rare,1,200001,14,300002,1
906,240181,nature,armor,rare,2,200001,43,300002,1
907,240182,nature,armor,rare,3,200001,94,300002,1
908,25018,chaos,armor,rare,1,200001,14,300002,1
909,250181,chaos,armor,rare,2,200001,43,300002,1
910,250182,chaos,armor,rare,3,200001,94,300002,1
911,26018,all,armor,rare,1,200001,14,300002,1
912,260181,all,armor,rare,2,200001,43,300002,1
913,260182,all,armor,rare,3,200001,94,300002,1
914,21019,war,armor,rare,1,200001,14,300002,1
915,210191,war,armor,rare,2,200001,43,300002,1
916,210192,war,armor,rare,3,200001,94,300002,1
917,23019,balance,armor,rare,1,200001,14,300002,1
918,230191,balance,armor,rare,2,200001,43,300002,1
919,230192,balance,armor,rare,3,200001,94,300002,1
920,24019,nature,armor,rare,1,200001,14,300002,1
921,240191,nature,armor,rare,2,200001,43,300002,1
922,240192,nature,armor,rare,3,200001,94,300002,1
923,25019,chaos,armor,rare,1,200001,14,300002,1
924,250191,chaos,armor,rare,2,200001,43,300002,1
925,250192,chaos,armor,rare,3,200001,94,300002,1
926,26019,all,armor,rare,1,200001,14,300002,1
927,260191,all,armor,rare,2,200001,43,300002,1
928,260192,all,armor,rare,3,200001,94,300002,1
929,21020,war,armor,rare,1,200001,14,300002,1
930,210201,war,armor,rare,2,200001,43,300002,1
931,210202,war,armor,rare,3,200001,94,300002,1
932,22020,fortune,armor,rare,1,200001,14,300002,1
933,220201,fortune,armor,rare,2,200001,43,300002,1
934,220202,fortune,armor,rare,3,200001,94,300002,1
935,23020,balance,armor,rare,1,200001,14,300002,1
936,230201,balance,armor,rare,2,200001,43,300002,1
937,230202,balance,armor,rare,3,200001,94,300002,1
938,25020,chaos,armor,rare,1,200001,14,300002,1
939,250201,chaos,armor,rare,2,200001,43,300002,1
940,250202,chaos,armor,rare,3,200001,94,300002,1
941,26020,all,armor,rare,1,200001,14,300002,1
942,260201,all,armor,rare,2,200001,43,300002,1
943,260202,all,armor,rare,3,200001,94,300002,1
944,21021,war,armor,rarity,1,200001,65,300003,1
945,210211,war,armor,rarity,2,200001,98,300003,1
946,210212,war,armor,rarity,3,200001,155,300003,1
947,22021,fortune,armor,rarity,1,200001,65,300003,1
948,220211,fortune,armor,rarity,2,200001,98,300003,1
949,220212,fortune,armor,rarity,3,200001,155,300003,1
950,23021,balance,armor,rarity,1,200001,65,300003,1
951,230211,balance,armor,rarity,2,200001,98,300003,1
952,230212,balance,armor,rarity,3,200001,155,300003,1
953,24021,nature,armor,rarity,1,200001,65,300003,1
954,240211,nature,armor,rarity,2,200001,98,300003,1
955,240212,nature,armor,rarity,3,200001,155,300003,1
956,25021,chaos,armor,rarity,1,200001,65,300003,1
957,250211,chaos,armor,rarity,2,200001,98,300003,1
958,250212,chaos,armor,rarity,3,200001,155,300003,1
959,26021,all,armor,rarity,1,200001,65,300003,1
960,260211,all,armor,rarity,2,200001,98,300003,1
961,260212,all,armor,rarity,3,200001,155,300003,1
962,22022,fortune,armor,rarity,1,200001,65,300003,1
963,220221,fortune,armor,rarity,2,200001,98,300003,1
964,220222,fortune,armor,rarity,3,200001,155,300003,1
965,23022,balance,armor,rarity,1,200001,65,300003,1
966,230221,balance,armor,rarity,2,200001,98,300003,1
967,230222,balance,armor,rarity,3,200001,155,300003,1
968,24022,nature,armor,rarity,1,200001,65,300003,1
969,240221,nature,armor,rarity,2,200001,98,300003,1
970,240222,nature,armor,rarity,3,200001,155,300003,1
971,26022,all,armor,rarity,1,200001,65,300003,1
972,260221,all,armor,rarity,2,200001,98,300003,1
973,260222,all,armor,rarity,3,200001,155,300003,1
974,22023,fortune,armor,rarity,1,200001,65,300003,1
975,220231,fortune,armor,rarity,2,200001,98,300003,1
976,220232,fortune,armor,rarity,3,200001,155,300003,1
977,23023,balance,armor,rarity,1,200001,65,300003,1
978,230231,balance,armor,rarity,2,200001,98,300003,1
979,230232,balance,armor,rarity,3,200001,155,300003,1
980,24023,nature,armor,rarity,1,200001,65,300003,1
981,240231,nature,armor,rarity,2,200001,98,300003,1
982,240232,nature,armor,rarity,3,200001,155,300003,1
983,26023,all,armor,rarity,1,200001,65,300003,1
984,260231,all,armor,rarity,2,200001,98,300003,1
985,260232,all,armor,rarity,3,200001,155,300003,1
986,22024,fortune,armor,rarity,1,200001,65,300003,1
987,220241,fortune,armor,rarity,2,200001,98,300003,1
988,220242,fortune,armor,rarity,3,200001,155,300003,1
989,23024,balance,armor,rarity,1,200001,65,300003,1
990,230241,balance,armor,rarity,2,200001,98,300003,1
991,230242,balance,armor,rarity,3,200001,155,300003,1
992,24024,nature,armor,rarity,1,200001,65,300003,1
993,240241,nature,armor,rarity,2,200001,98,300003,1
994,240242,nature,armor,rarity,3,200001,155,300003,1
995,25024,chaos,armor,rarity,1,200001,65,300003,1
996,250241,chaos,armor,rarity,2,200001,98,300003,1
997,250242,chaos,armor,rarity,3,200001,155,300003,1
998,26024,all,armor,rarity,1,200001,65,300003,1
999,260241,all,armor,rarity,2,200001,98,300003,1
1000,260242,all,armor,rarity,3,200001,155,300003,1
1001,21025,war,armor,rarity,1,200001,65,300003,1
1002,210251,war,armor,rarity,2,200001,98,300003,1
1003,210252,war,armor,rarity,3,200001,155,300003,1
1004,22025,fortune,armor,rarity,1,200001,65,300003,1
1005,220251,fortune,armor,rarity,2,200001,98,300003,1
1006,220252,fortune,armor,rarity,3,200001,155,300003,1
1007,23025,balance,armor,rarity,1,200001,65,300003,1
1008,230251,balance,armor,rarity,2,200001,98,300003,1
1009,230252,balance,armor,rarity,3,200001,155,300003,1
1010,24025,nature,armor,rarity,1,200001,65,300003,1
1011,240251,nature,armor,rarity,2,200001,98,300003,1
1012,240252,nature,armor,rarity,3,200001,155,300003,1
1013,26025,all,armor,rarity,1,200001,65,300003,1
1014,260251,all,armor,rarity,2,200001,98,300003,1
1015,260252,all,armor,rarity,3,200001,155,300003,1
1016,21026,war,armor,epic,1,200001,105,300004,1
1017,210261,war,armor,epic,2,200001,141,300004,1
1018,210262,war,armor,epic,3,200001,205,300004,1
1019,22026,fortune,armor,epic,1,200001,105,300004,1
1020,220261,fortune,armor,epic,2,200001,141,300004,1
1021,220262,fortune,armor,epic,3,200001,205,300004,1
1022,23026,balance,armor,epic,1,200001,105,300004,1
1023,230261,balance,armor,epic,2,200001,141,300004,1
1024,230262,balance,armor,epic,3,200001,205,300004,1
1025,24026,nature,armor,epic,1,200001,105,300004,1
1026,240261,nature,armor,epic,2,200001,141,300004,1
1027,240262,nature,armor,epic,3,200001,205,300004,1
1028,25026,chaos,armor,epic,1,200001,105,300004,1
1029,250261,chaos,armor,epic,2,200001,141,300004,1
1030,250262,chaos,armor,epic,3,200001,205,300004,1
1031,26026,all,armor,epic,1,200001,105,300004,1
1032,260261,all,armor,epic,2,200001,141,300004,1
1033,260262,all,armor,epic,3,200001,205,300004,1
1034,21027,war,armor,epic,1,200001,105,300004,1
1035,210271,war,armor,epic,2,200001,141,300004,1
1036,210272,war,armor,epic,3,200001,205,300004,1
1037,22027,fortune,armor,epic,1,200001,105,300004,1
1038,220271,fortune,armor,epic,2,200001,141,300004,1
1039,220272,fortune,armor,epic,3,200001,205,300004,1
1040,23027,balance,armor,epic,1,200001,105,300004,1
1041,230271,balance,armor,epic,2,200001,141,300004,1
1042,230272,balance,armor,epic,3,200001,205,300004,1
1043,24027,nature,armor,epic,1,200001,105,300004,1
1044,240271,nature,armor,epic,2,200001,141,300004,1
1045,240272,nature,armor,epic,3,200001,205,300004,1
1046,26027,all,armor,epic,1,200001,105,300004,1
1047,260271,all,armor,epic,2,200001,141,300004,1
1048,260272,all,armor,epic,3,200001,205,300004,1
1049,21028,war,armor,epic,1,200001,105,300004,1
1050,210281,war,armor,epic,2,200001,141,300004,1
1051,210282,war,armor,epic,3,200001,205,300004,1
1052,23028,balance,armor,epic,1,200001,105,300004,1
1053,230281,balance,armor,epic,2,200001,141,300004,1
1054,230282,balance,armor,epic,3,200001,205,300004,1
1055,24028,nature,armor,epic,1,200001,105,300004,1
1056,240281,nature,armor,epic,2,200001,141,300004,1
1057,240282,nature,armor,epic,3,200001,205,300004,1
1058,26028,all,armor,epic,1,200001,105,300004,1
1059,260281,all,armor,epic,2,200001,141,300004,1
1060,260282,all,armor,epic,3,200001,205,300004,1
1061,21029,war,armor,rare,1,200001,14,300002,1
1062,210291,war,armor,rare,2,200001,43,300002,1
1063,210292,war,armor,rare,3,200001,94,300002,1
1064,22029,fortune,armor,rare,1,200001,14,300002,1
1065,220291,fortune,armor,rare,2,200001,43,300002,1
1066,220292,fortune,armor,rare,3,200001,94,300002,1
1067,23029,balance,armor,rare,1,200001,14,300002,1
1068,230291,balance,armor,rare,2,200001,43,300002,1
1069,230292,balance,armor,rare,3,200001,94,300002,1
1070,24029,nature,armor,rare,1,200001,14,300002,1
1071,240291,nature,armor,rare,2,200001,43,300002,1
1072,240292,nature,armor,rare,3,200001,94,300002,1
1073,25029,chaos,armor,rare,1,200001,14,300002,1
1074,250291,chaos,armor,rare,2,200001,43,300002,1
1075,250292,chaos,armor,rare,3,200001,94,300002,1
1076,26029,all,armor,rare,1,200001,14,300002,1
1077,260291,all,armor,rare,2,200001,43,300002,1
1078,260292,all,armor,rare,3,200001,94,300002,1
1079,31001,war,equip,normal,1,200001,4,300001,1
1080,310011,war,equip,normal,2,200001,28,300001,1
1081,310012,war,equip,normal,3,200001,68,300001,1
1082,32001,fortune,equip,normal,1,200001,4,300001,1
1083,320011,fortune,equip,normal,2,200001,28,300001,1
1084,320012,fortune,equip,normal,3,200001,68,300001,1
1085,34001,nature,equip,normal,1,200001,4,300001,1
1086,340011,nature,equip,normal,2,200001,28,300001,1
1087,340012,nature,equip,normal,3,200001,68,300001,1
1088,35001,chaos,equip,normal,1,200001,4,300001,1
1089,350011,chaos,equip,normal,2,200001,28,300001,1
1090,350012,chaos,equip,normal,3,200001,68,300001,1
1091,36001,all,equip,normal,1,200001,4,300001,1
1092,360011,all,equip,normal,2,200001,28,300001,1
1093,360012,all,equip,normal,3,200001,68,300001,1
1094,31002,war,equip,normal,1,200001,4,300001,1
1095,310021,war,equip,normal,2,200001,28,300001,1
1096,310022,war,equip,normal,3,200001,68,300001,1
1097,32002,fortune,equip,normal,1,200001,4,300001,1
1098,320021,fortune,equip,normal,2,200001,28,300001,1
1099,320022,fortune,equip,normal,3,200001,68,300001,1
1100,33002,balance,equip,normal,1,200001,4,300001,1
1101,330021,balance,equip,normal,2,200001,28,300001,1
1102,330022,balance,equip,normal,3,200001,68,300001,1
1103,34002,nature,equip,normal,1,200001,4,300001,1
1104,340021,nature,equip,normal,2,200001,28,300001,1
1105,340022,nature,equip,normal,3,200001,68,300001,1
1106,35002,chaos,equip,normal,1,200001,4,300001,1
1107,350021,chaos,equip,normal,2,200001,28,300001,1
1108,350022,chaos,equip,normal,3,200001,68,300001,1
1109,36002,all,equip,normal,1,200001,4,300001,1
1110,360021,all,equip,normal,2,200001,28,300001,1
1111,360022,all,equip,normal,3,200001,68,300001,1
1112,31003,war,equip,normal,1,200001,4,300001,1
1113,310031,war,equip,normal,2,200001,28,300001,1
1114,310032,war,equip,normal,3,200001,68,300001,1
1115,32003,fortune,equip,normal,1,200001,4,300001,1
1116,320031,fortune,equip,normal,2,200001,28,300001,1
1117,320032,fortune,equip,normal,3,200001,68,300001,1
1118,33003,balance,equip,normal,1,200001,4,300001,1
1119,330031,balance,equip,normal,2,200001,28,300001,1
1120,330032,balance,equip,normal,3,200001,68,300001,1
1121,34003,nature,equip,normal,1,200001,4,300001,1
1122,340031,nature,equip,normal,2,200001,28,300001,1
1123,340032,nature,equip,normal,3,200001,68,300001,1
1124,35003,chaos,equip,normal,1,200001,4,300001,1
1125,350031,chaos,equip,normal,2,200001,28,300001,1
1126,350032,chaos,equip,normal,3,200001,68,300001,1
1127,36003,all,equip,normal,1,200001,4,300001,1
1128,360031,all,equip,normal,2,200001,28,300001,1
1129,360032,all,equip,normal,3,200001,68,300001,1
1130,31004,war,equip,normal,1,200001,4,300001,1
1131,310041,war,equip,normal,2,200001,28,300001,1
1132,310042,war,equip,normal,3,200001,68,300001,1
1133,32004,fortune,equip,normal,1,200001,4,300001,1
1134,320041,fortune,equip,normal,2,200001,28,300001,1
1135,320042,fortune,equip,normal,3,200001,68,300001,1
1136,33004,balance,equip,normal,1,200001,4,300001,1
1137,330041,balance,equip,normal,2,200001,28,300001,1
1138,330042,balance,equip,normal,3,200001,68,300001,1
1139,34004,nature,equip,normal,1,200001,4,300001,1
1140,340041,nature,equip,normal,2,200001,28,300001,1
1141,340042,nature,equip,normal,3,200001,68,300001,1
1142,35004,chaos,equip,normal,1,200001,4,300001,1
1143,350041,chaos,equip,normal,2,200001,28,300001,1
1144,350042,chaos,equip,normal,3,200001,68,300001,1
1145,36004,all,equip,normal,1,200001,4,300001,1
1146,360041,all,equip,normal,2,200001,28,300001,1
1147,360042,all,equip,normal,3,200001,68,300001,1
1148,32005,fortune,equip,normal,1,200001,4,300001,1
1149,320051,fortune,equip,normal,2,200001,28,300001,1
1150,320052,fortune,equip,normal,3,200001,68,300001,1
1151,33005,balance,equip,normal,1,200001,4,300001,1
1152,330051,balance,equip,normal,2,200001,28,300001,1
1153,330052,balance,equip,normal,3,200001,68,300001,1
1154,34005,nature,equip,normal,1,200001,4,300001,1
1155,340051,nature,equip,normal,2,200001,28,300001,1
1156,340052,nature,equip,normal,3,200001,68,300001,1
1157,35005,chaos,equip,normal,1,200001,4,300001,1
1158,350051,chaos,equip,normal,2,200001,28,300001,1
1159,350052,chaos,equip,normal,3,200001,68,300001,1
1160,36005,all,equip,normal,1,200001,4,300001,1
1161,360051,all,equip,normal,2,200001,28,300001,1
1162,360052,all,equip,normal,3,200001,68,300001,1
1163,31006,war,equip,normal,1,200001,4,300001,1
1164,310061,war,equip,normal,2,200001,28,300001,1
1165,310062,war,equip,normal,3,200001,68,300001,1
1166,32006,fortune,equip,normal,1,200001,4,300001,1
1167,320061,fortune,equip,normal,2,200001,28,300001,1
1168,320062,fortune,equip,normal,3,200001,68,300001,1
1169,33006,balance,equip,normal,1,200001,4,300001,1
1170,330061,balance,equip,normal,2,200001,28,300001,1
1171,330062,balance,equip,normal,3,200001,68,300001,1
1172,34006,nature,equip,normal,1,200001,4,300001,1
1173,340061,nature,equip,normal,2,200001,28,300001,1
1174,340062,nature,equip,normal,3,200001,68,300001,1
1175,35006,chaos,equip,normal,1,200001,4,300001,1
1176,350061,chaos,equip,normal,2,200001,28,300001,1
1177,350062,chaos,equip,normal,3,200001,68,300001,1
1178,36006,all,equip,normal,1,200001,4,300001,1
1179,360061,all,equip,normal,2,200001,28,300001,1
1180,360062,all,equip,normal,3,200001,68,300001,1
1181,31007,war,equip,rare,1,200001,14,300002,1
1182,310071,war,equip,rare,2,200001,43,300002,1
1183,310072,war,equip,rare,3,200001,94,300002,1
1184,32007,fortune,equip,rare,1,200001,14,300002,1
1185,320071,fortune,equip,rare,2,200001,43,300002,1
1186,320072,fortune,equip,rare,3,200001,94,300002,1
1187,34007,nature,equip,rare,1,200001,14,300002,1
1188,340071,nature,equip,rare,2,200001,43,300002,1
1189,340072,nature,equip,rare,3,200001,94,300002,1
1190,35007,chaos,equip,rare,1,200001,14,300002,1
1191,350071,chaos,equip,rare,2,200001,43,300002,1
1192,350072,chaos,equip,rare,3,200001,94,300002,1
1193,36007,all,equip,rare,1,200001,14,300002,1
1194,360071,all,equip,rare,2,200001,43,300002,1
1195,360072,all,equip,rare,3,200001,94,300002,1
1196,32008,fortune,equip,rare,1,200001,14,300002,1
1197,320081,fortune,equip,rare,2,200001,43,300002,1
1198,320082,fortune,equip,rare,3,200001,94,300002,1
1199,33008,balance,equip,rare,1,200001,14,300002,1
1200,330081,balance,equip,rare,2,200001,43,300002,1
1201,330082,balance,equip,rare,3,200001,94,300002,1
1202,34008,nature,equip,rare,1,200001,14,300002,1
1203,340081,nature,equip,rare,2,200001,43,300002,1
1204,340082,nature,equip,rare,3,200001,94,300002,1
1205,35008,chaos,equip,rare,1,200001,14,300002,1
1206,350081,chaos,equip,rare,2,200001,43,300002,1
1207,350082,chaos,equip,rare,3,200001,94,300002,1
1208,36008,all,equip,rare,1,200001,14,300002,1
1209,360081,all,equip,rare,2,200001,43,300002,1
1210,360082,all,equip,rare,3,200001,94,300002,1
1211,31009,war,equip,rare,1,200001,14,300002,1
1212,310091,war,equip,rare,2,200001,43,300002,1
1213,310092,war,equip,rare,3,200001,94,300002,1
1214,32009,fortune,equip,rare,1,200001,14,300002,1
1215,320091,fortune,equip,rare,2,200001,43,300002,1
1216,320092,fortune,equip,rare,3,200001,94,300002,1
1217,33009,balance,equip,rare,1,200001,14,300002,1
1218,330091,balance,equip,rare,2,200001,43,300002,1
1219,330092,balance,equip,rare,3,200001,94,300002,1
1220,34009,nature,equip,rare,1,200001,14,300002,1
1221,340091,nature,equip,rare,2,200001,43,300002,1
1222,340092,nature,equip,rare,3,200001,94,300002,1
1223,36009,all,equip,rare,1,200001,14,300002,1
1224,360091,all,equip,rare,2,200001,43,300002,1
1225,360092,all,equip,rare,3,200001,94,300002,1
1226,31010,war,equip,rare,1,200001,14,300002,1
1227,310101,war,equip,rare,2,200001,43,300002,1
1228,310102,war,equip,rare,3,200001,94,300002,1
1229,32010,fortune,equip,rare,1,200001,14,300002,1
1230,320101,fortune,equip,rare,2,200001,43,300002,1
1231,320102,fortune,equip,rare,3,200001,94,300002,1
1232,33010,balance,equip,rare,1,200001,14,300002,1
1233,330101,balance,equip,rare,2,200001,43,300002,1
1234,330102,balance,equip,rare,3,200001,94,300002,1
1235,34010,nature,equip,rare,1,200001,14,300002,1
1236,340101,nature,equip,rare,2,200001,43,300002,1
1237,340102,nature,equip,rare,3,200001,94,300002,1
1238,35010,chaos,equip,rare,1,200001,14,300002,1
1239,350101,chaos,equip,rare,2,200001,43,300002,1
1240,350102,chaos,equip,rare,3,200001,94,300002,1
1241,36010,all,equip,rare,1,200001,14,300002,1
1242,360101,all,equip,rare,2,200001,43,300002,1
1243,360102,all,equip,rare,3,200001,94,300002,1
1244,31011,war,equip,rare,1,200001,14,300002,1
1245,310111,war,equip,rare,2,200001,43,300002,1
1246,310112,war,equip,rare,3,200001,94,300002,1
1247,32011,fortune,equip,rare,1,200001,14,300002,1
1248,320111,fortune,equip,rare,2,200001,43,300002,1
1249,320112,fortune,equip,rare,3,200001,94,300002,1
1250,33011,balance,equip,rare,1,200001,14,300002,1
1251,330111,balance,equip,rare,2,200001,43,300002,1
1252,330112,balance,equip,rare,3,200001,94,300002,1
1253,34011,nature,equip,rare,1,200001,14,300002,1
1254,340111,nature,equip,rare,2,200001,43,300002,1
1255,340112,nature,equip,rare,3,200001,94,300002,1
1256,35011,chaos,equip,rare,1,200001,14,300002,1
1257,350111,chaos,equip,rare,2,200001,43,300002,1
1258,350112,chaos,equip,rare,3,200001,94,300002,1
1259,36011,all,equip,rare,1,200001,14,300002,1
1260,360111,all,equip,rare,2,200001,43,300002,1
1261,360112,all,equip,rare,3,200001,94,300002,1
1262,31012,war,equip,rare,1,200001,14,300002,1
1263,310121,war,equip,rare,2,200001,43,300002,1
1264,310122,war,equip,rare,3,200001,94,300002,1
1265,32012,fortune,equip,rare,1,200001,14,300002,1
1266,320121,fortune,equip,rare,2,200001,43,300002,1
1267,320122,fortune,equip,rare,3,200001,94,300002,1
1268,33012,balance,equip,rare,1,200001,14,300002,1
1269,330121,balance,equip,rare,2,200001,43,300002,1
1270,330122,balance,equip,rare,3,200001,94,300002,1
1271,34012,nature,equip,rare,1,200001,14,300002,1
1272,340121,nature,equip,rare,2,200001,43,300002,1
1273,340122,nature,equip,rare,3,200001,94,300002,1
1274,35012,chaos,equip,rare,1,200001,14,300002,1
1275,350121,chaos,equip,rare,2,200001,43,300002,1
1276,350122,chaos,equip,rare,3,200001,94,300002,1
1277,36012,all,equip,rare,1,200001,14,300002,1
1278,360121,all,equip,rare,2,200001,43,300002,1
1279,360122,all,equip,rare,3,200001,94,300002,1
1280,31013,war,equip,rare,1,200001,14,300002,1
1281,310131,war,equip,rare,2,200001,43,300002,1
1282,310132,war,equip,rare,3,200001,94,300002,1
1283,32013,fortune,equip,rare,1,200001,14,300002,1
1284,320131,fortune,equip,rare,2,200001,43,300002,1
1285,320132,fortune,equip,rare,3,200001,94,300002,1
1286,33013,balance,equip,rare,1,200001,14,300002,1
1287,330131,balance,equip,rare,2,200001,43,300002,1
1288,330132,balance,equip,rare,3,200001,94,300002,1
1289,34013,nature,equip,rare,1,200001,14,300002,1
1290,340131,nature,equip,rare,2,200001,43,300002,1
1291,340132,nature,equip,rare,3,200001,94,300002,1
1292,35013,chaos,equip,rare,1,200001,14,300002,1
1293,350131,chaos,equip,rare,2,200001,43,300002,1
1294,350132,chaos,equip,rare,3,200001,94,300002,1
1295,36013,all,equip,rare,1,200001,14,300002,1
1296,360131,all,equip,rare,2,200001,43,300002,1
1297,360132,all,equip,rare,3,200001,94,300002,1
1298,32014,fortune,equip,rare,1,200001,14,300002,1
1299,320141,fortune,equip,rare,2,200001,43,300002,1
1300,320142,fortune,equip,rare,3,200001,94,300002,1
1301,33014,balance,equip,rare,1,200001,14,300002,1
1302,330141,balance,equip,rare,2,200001,43,300002,1
1303,330142,balance,equip,rare,3,200001,94,300002,1
1304,34014,nature,equip,rare,1,200001,14,300002,1
1305,340141,nature,equip,rare,2,200001,43,300002,1
1306,340142,nature,equip,rare,3,200001,94,300002,1
1307,36014,all,equip,rare,1,200001,14,300002,1
1308,360141,all,equip,rare,2,200001,43,300002,1
1309,360142,all,equip,rare,3,200001,94,300002,1
1310,32015,fortune,equip,rare,1,200001,14,300002,1
1311,320151,fortune,equip,rare,2,200001,43,300002,1
1312,320152,fortune,equip,rare,3,200001,94,300002,1
1313,33015,balance,equip,rare,1,200001,14,300002,1
1314,330151,balance,equip,rare,2,200001,43,300002,1
1315,330152,balance,equip,rare,3,200001,94,300002,1
1316,34015,nature,equip,rare,1,200001,14,300002,1
1317,340151,nature,equip,rare,2,200001,43,300002,1
1318,340152,nature,equip,rare,3,200001,94,300002,1
1319,36015,all,equip,rare,1,200001,14,300002,1
1320,360151,all,equip,rare,2,200001,43,300002,1
1321,360152,all,equip,rare,3,200001,94,300002,1
1322,31016,war,equip,rare,1,200001,14,300002,1
1323,310161,war,equip,rare,2,200001,43,300002,1
1324,310162,war,equip,rare,3,200001,94,300002,1
1325,32016,fortune,equip,rare,1,200001,14,300002,1
1326,320161,fortune,equip,rare,2,200001,43,300002,1
1327,320162,fortune,equip,rare,3,200001,94,300002,1
1328,33016,balance,equip,rare,1,200001,14,300002,1
1329,330161,balance,equip,rare,2,200001,43,300002,1
1330,330162,balance,equip,rare,3,200001,94,300002,1
1331,34016,nature,equip,rare,1,200001,14,300002,1
1332,340161,nature,equip,rare,2,200001,43,300002,1
1333,340162,nature,equip,rare,3,200001,94,300002,1
1334,35016,chaos,equip,rare,1,200001,14,300002,1
1335,350161,chaos,equip,rare,2,200001,43,300002,1
1336,350162,chaos,equip,rare,3,200001,94,300002,1
1337,36016,all,equip,rare,1,200001,14,300002,1
1338,360161,all,equip,rare,2,200001,43,300002,1
1339,360162,all,equip,rare,3,200001,94,300002,1
1340,31017,war,equip,rare,1,200001,14,300002,1
1341,310171,war,equip,rare,2,200001,43,300002,1
1342,310172,war,equip,rare,3,200001,94,300002,1
1343,32017,fortune,equip,rare,1,200001,14,300002,1
1344,320171,fortune,equip,rare,2,200001,43,300002,1
1345,320172,fortune,equip,rare,3,200001,94,300002,1
1346,33017,balance,equip,rare,1,200001,14,300002,1
1347,330171,balance,equip,rare,2,200001,43,300002,1
1348,330172,balance,equip,rare,3,200001,94,300002,1
1349,34017,nature,equip,rare,1,200001,14,300002,1
1350,340171,nature,equip,rare,2,200001,43,300002,1
1351,340172,nature,equip,rare,3,200001,94,300002,1
1352,35017,chaos,equip,rare,1,200001,14,300002,1
1353,350171,chaos,equip,rare,2,200001,43,300002,1
1354,350172,chaos,equip,rare,3,200001,94,300002,1
1355,36017,all,equip,rare,1,200001,14,300002,1
1356,360171,all,equip,rare,2,200001,43,300002,1
1357,360172,all,equip,rare,3,200001,94,300002,1
1358,32018,fortune,equip,rare,1,200001,14,300002,1
1359,320181,fortune,equip,rare,2,200001,43,300002,1
1360,320182,fortune,equip,rare,3,200001,94,300002,1
1361,33018,balance,equip,rare,1,200001,14,300002,1
1362,330181,balance,equip,rare,2,200001,43,300002,1
1363,330182,balance,equip,rare,3,200001,94,300002,1
1364,34018,nature,equip,rare,1,200001,14,300002,1
1365,340181,nature,equip,rare,2,200001,43,300002,1
1366,340182,nature,equip,rare,3,200001,94,300002,1
1367,35018,chaos,equip,rare,1,200001,14,300002,1
1368,350181,chaos,equip,rare,2,200001,43,300002,1
1369,350182,chaos,equip,rare,3,200001,94,300002,1
1370,36018,all,equip,rare,1,200001,14,300002,1
1371,360181,all,equip,rare,2,200001,43,300002,1
1372,360182,all,equip,rare,3,200001,94,300002,1
1373,31019,war,equip,rare,1,200001,14,300002,1
1374,310191,war,equip,rare,2,200001,43,300002,1
1375,310192,war,equip,rare,3,200001,94,300002,1
1376,32019,fortune,equip,rare,1,200001,14,300002,1
1377,320191,fortune,equip,rare,2,200001,43,300002,1
1378,320192,fortune,equip,rare,3,200001,94,300002,1
1379,34019,nature,equip,rare,1,200001,14,300002,1
1380,340191,nature,equip,rare,2,200001,43,300002,1
1381,340192,nature,equip,rare,3,200001,94,300002,1
1382,35019,chaos,equip,rare,1,200001,14,300002,1
1383,350191,chaos,equip,rare,2,200001,43,300002,1
1384,350192,chaos,equip,rare,3,200001,94,300002,1
1385,36019,all,equip,rare,1,200001,14,300002,1
1386,360191,all,equip,rare,2,200001,43,300002,1
1387,360192,all,equip,rare,3,200001,94,300002,1
1388,31020,war,equip,rare,1,200001,14,300002,1
1389,310201,war,equip,rare,2,200001,43,300002,1
1390,310202,war,equip,rare,3,200001,94,300002,1
1391,32020,fortune,equip,rare,1,200001,14,300002,1
1392,320201,fortune,equip,rare,2,200001,43,300002,1
1393,320202,fortune,equip,rare,3,200001,94,300002,1
1394,33020,balance,equip,rare,1,200001,14,300002,1
1395,330201,balance,equip,rare,2,200001,43,300002,1
1396,330202,balance,equip,rare,3,200001,94,300002,1
1397,34020,nature,equip,rare,1,200001,14,300002,1
1398,340201,nature,equip,rare,2,200001,43,300002,1
1399,340202,nature,equip,rare,3,200001,94,300002,1
1400,35020,chaos,equip,rare,1,200001,14,300002,1
1401,350201,chaos,equip,rare,2,200001,43,300002,1
1402,350202,chaos,equip,rare,3,200001,94,300002,1
1403,36020,all,equip,rare,1,200001,14,300002,1
1404,360201,all,equip,rare,2,200001,43,300002,1
1405,360202,all,equip,rare,3,200001,94,300002,1
1406,31021,war,equip,rare,1,200001,14,300002,1
1407,310211,war,equip,rare,2,200001,43,300002,1
1408,310212,war,equip,rare,3,200001,94,300002,1
1409,32021,fortune,equip,rare,1,200001,14,300002,1
1410,320211,fortune,equip,rare,2,200001,43,300002,1
1411,320212,fortune,equip,rare,3,200001,94,300002,1
1412,33021,balance,equip,rare,1,200001,14,300002,1
1413,330211,balance,equip,rare,2,200001,43,300002,1
1414,330212,balance,equip,rare,3,200001,94,300002,1
1415,34021,nature,equip,rare,1,200001,14,300002,1
1416,340211,nature,equip,rare,2,200001,43,300002,1
1417,340212,nature,equip,rare,3,200001,94,300002,1
1418,35021,chaos,equip,rare,1,200001,14,300002,1
1419,350211,chaos,equip,rare,2,200001,43,300002,1
1420,350212,chaos,equip,rare,3,200001,94,300002,1
1421,36021,all,equip,rare,1,200001,14,300002,1
1422,360211,all,equip,rare,2,200001,43,300002,1
1423,360212,all,equip,rare,3,200001,94,300002,1
1424,31022,war,equip,rarity,1,200001,65,300003,1
1425,310221,war,equip,rarity,2,200001,98,300003,1
1426,310222,war,equip,rarity,3,200001,155,300003,1
1427,32022,fortune,equip,rarity,1,200001,65,300003,1
1428,320221,fortune,equip,rarity,2,200001,98,300003,1
1429,320222,fortune,equip,rarity,3,200001,155,300003,1
1430,33022,balance,equip,rarity,1,200001,65,300003,1
1431,330221,balance,equip,rarity,2,200001,98,300003,1
1432,330222,balance,equip,rarity,3,200001,155,300003,1
1433,34022,nature,equip,rarity,1,200001,65,300003,1
1434,340221,nature,equip,rarity,2,200001,98,300003,1
1435,340222,nature,equip,rarity,3,200001,155,300003,1
1436,35022,chaos,equip,rarity,1,200001,65,300003,1
1437,350221,chaos,equip,rarity,2,200001,98,300003,1
1438,350222,chaos,equip,rarity,3,200001,155,300003,1
1439,36022,all,equip,rarity,1,200001,65,300003,1
1440,360221,all,equip,rarity,2,200001,98,300003,1
1441,360222,all,equip,rarity,3,200001,155,300003,1
1442,31023,war,equip,rarity,1,200001,65,300003,1
1443,310231,war,equip,rarity,2,200001,98,300003,1
1444,310232,war,equip,rarity,3,200001,155,300003,1
1445,32023,fortune,equip,rarity,1,200001,65,300003,1
1446,320231,fortune,equip,rarity,2,200001,98,300003,1
1447,320232,fortune,equip,rarity,3,200001,155,300003,1
1448,33023,balance,equip,rarity,1,200001,65,300003,1
1449,330231,balance,equip,rarity,2,200001,98,300003,1
1450,330232,balance,equip,rarity,3,200001,155,300003,1
1451,34023,nature,equip,rarity,1,200001,65,300003,1
1452,340231,nature,equip,rarity,2,200001,98,300003,1
1453,340232,nature,equip,rarity,3,200001,155,300003,1
1454,35023,chaos,equip,rarity,1,200001,65,300003,1
1455,350231,chaos,equip,rarity,2,200001,98,300003,1
1456,350232,chaos,equip,rarity,3,200001,155,300003,1
1457,36023,all,equip,rarity,1,200001,65,300003,1
1458,360231,all,equip,rarity,2,200001,98,300003,1
1459,360232,all,equip,rarity,3,200001,155,300003,1
1460,31024,war,equip,rarity,1,200001,65,300003,1
1461,310241,war,equip,rarity,2,200001,98,300003,1
1462,310242,war,equip,rarity,3,200001,155,300003,1
1463,32024,fortune,equip,rarity,1,200001,65,300003,1
1464,320241,fortune,equip,rarity,2,200001,98,300003,1
1465,320242,fortune,equip,rarity,3,200001,155,300003,1
1466,33024,balance,equip,rarity,1,200001,65,300003,1
1467,330241,balance,equip,rarity,2,200001,98,300003,1
1468,330242,balance,equip,rarity,3,200001,155,300003,1
1469,34024,nature,equip,rarity,1,200001,65,300003,1
1470,340241,nature,equip,rarity,2,200001,98,300003,1
1471,340242,nature,equip,rarity,3,200001,155,300003,1
1472,35024,chaos,equip,rarity,1,200001,65,300003,1
1473,350241,chaos,equip,rarity,2,200001,98,300003,1
1474,350242,chaos,equip,rarity,3,200001,155,300003,1
1475,36024,all,equip,rarity,1,200001,65,300003,1
1476,360241,all,equip,rarity,2,200001,98,300003,1
1477,360242,all,equip,rarity,3,200001,155,300003,1
1478,33025,balance,equip,rarity,1,200001,65,300003,1
1479,330251,balance,equip,rarity,2,200001,98,300003,1
1480,330252,balance,equip,rarity,3,200001,155,300003,1
1481,35025,chaos,equip,rarity,1,200001,65,300003,1
1482,350251,chaos,equip,rarity,2,200001,98,300003,1
1483,350252,chaos,equip,rarity,3,200001,155,300003,1
1484,36025,all,equip,rarity,1,200001,65,300003,1
1485,360251,all,equip,rarity,2,200001,98,300003,1
1486,360252,all,equip,rarity,3,200001,155,300003,1
1487,32026,fortune,equip,rarity,1,200001,65,300003,1
1488,320261,fortune,equip,rarity,2,200001,98,300003,1
1489,320262,fortune,equip,rarity,3,200001,155,300003,1
1490,33026,balance,equip,rarity,1,200001,65,300003,1
1491,330261,balance,equip,rarity,2,200001,98,300003,1
1492,330262,balance,equip,rarity,3,200001,155,300003,1
1493,34026,nature,equip,rarity,1,200001,65,300003,1
1494,340261,nature,equip,rarity,2,200001,98,300003,1
1495,340262,nature,equip,rarity,3,200001,155,300003,1
1496,36026,all,equip,rarity,1,200001,65,300003,1
1497,360261,all,equip,rarity,2,200001,98,300003,1
1498,360262,all,equip,rarity,3,200001,155,300003,1
1499,31027,war,equip,rarity,1,200001,65,300003,1
1500,310271,war,equip,rarity,2,200001,98,300003,1
1501,310272,war,equip,rarity,3,200001,155,300003,1
1502,32027,fortune,equip,rarity,1,200001,65,300003,1
1503,320271,fortune,equip,rarity,2,200001,98,300003,1
1504,320272,fortune,equip,rarity,3,200001,155,300003,1
1505,34027,nature,equip,rarity,1,200001,65,300003,1
1506,340271,nature,equip,rarity,2,200001,98,300003,1
1507,340272,nature,equip,rarity,3,200001,155,300003,1
1508,35027,chaos,equip,rarity,1,200001,65,300003,1
1509,350271,chaos,equip,rarity,2,200001,98,300003,1
1510,350272,chaos,equip,rarity,3,200001,155,300003,1
1511,36027,all,equip,rarity,1,200001,65,300003,1
1512,360271,all,equip,rarity,2,200001,98,300003,1
1513,360272,all,equip,rarity,3,200001,155,300003,1
1514,31028,war,equip,rarity,1,200001,65,300003,1
1515,310281,war,equip,rarity,2,200001,98,300003,1
1516,310282,war,equip,rarity,3,200001,155,300003,1
1517,32028,fortune,equip,rarity,1,200001,65,300003,1
1518,320281,fortune,equip,rarity,2,200001,98,300003,1
1519,320282,fortune,equip,rarity,3,200001,155,300003,1
1520,33028,balance,equip,rarity,1,200001,65,300003,1
1521,330281,balance,equip,rarity,2,200001,98,300003,1
1522,330282,balance,equip,rarity,3,200001,155,300003,1
1523,34028,nature,equip,rarity,1,200001,65,300003,1
1524,340281,nature,equip,rarity,2,200001,98,300003,1
1525,340282,nature,equip,rarity,3,200001,155,300003,1
1526,35028,chaos,equip,rarity,1,200001,65,300003,1
1527,350281,chaos,equip,rarity,2,200001,98,300003,1
1528,350282,chaos,equip,rarity,3,200001,155,300003,1
1529,36028,all,equip,rarity,1,200001,65,300003,1
1530,360281,all,equip,rarity,2,200001,98,300003,1
1531,360282,all,equip,rarity,3,200001,155,300003,1
1532,31029,war,equip,epic,1,200001,105,300004,1
1533,310291,war,equip,epic,2,200001,141,300004,1
1534,310292,war,equip,epic,3,200001,205,300004,1
1535,32029,fortune,equip,epic,1,200001,105,300004,1
1536,320291,fortune,equip,epic,2,200001,141,300004,1
1537,320292,fortune,equip,epic,3,200001,205,300004,1
1538,33029,balance,equip,epic,1,200001,105,300004,1
1539,330291,balance,equip,epic,2,200001,141,300004,1
1540,330292,balance,equip,epic,3,200001,205,300004,1
1541,34029,nature,equip,epic,1,200001,105,300004,1
1542,340291,nature,equip,epic,2,200001,141,300004,1
1543,340292,nature,equip,epic,3,200001,205,300004,1
1544,35029,chaos,equip,epic,1,200001,105,300004,1
1545,350291,chaos,equip,epic,2,200001,141,300004,1
1546,350292,chaos,equip,epic,3,200001,205,300004,1
1547,36029,all,equip,epic,1,200001,105,300004,1
1548,360291,all,equip,epic,2,200001,141,300004,1
1549,360292,all,equip,epic,3,200001,205,300004,1
1550,31030,war,equip,epic,1,200001,105,300004,1
1551,310301,war,equip,epic,2,200001,141,300004,1
1552,310302,war,equip,epic,3,200001,205,300004,1
1553,32030,fortune,equip,epic,1,200001,105,300004,1
1554,320301,fortune,equip,epic,2,200001,141,300004,1
1555,320302,fortune,equip,epic,3,200001,205,300004,1
1556,33030,balance,equip,epic,1,200001,105,300004,1
1557,330301,balance,equip,epic,2,200001,141,300004,1
1558,330302,balance,equip,epic,3,200001,205,300004,1
1559,34030,nature,equip,epic,1,200001,105,300004,1
1560,340301,nature,equip,epic,2,200001,141,300004,1
1561,340302,nature,equip,epic,3,200001,205,300004,1
1562,35030,chaos,equip,epic,1,200001,105,300004,1
1563,350301,chaos,equip,epic,2,200001,141,300004,1
1564,350302,chaos,equip,epic,3,200001,205,300004,1
1565,36030,all,equip,epic,1,200001,105,300004,1
1566,360301,all,equip,epic,2,200001,141,300004,1
1567,360302,all,equip,epic,3,200001,205,300004,1
1568,31031,war,equip,epic,1,200001,105,300004,1
1569,310311,war,equip,epic,2,200001,141,300004,1
1570,310312,war,equip,epic,3,200001,205,300004,1
1571,32031,fortune,equip,epic,1,200001,105,300004,1
1572,320311,fortune,equip,epic,2,200001,141,300004,1
1573,320312,fortune,equip,epic,3,200001,205,300004,1
1574,33031,balance,equip,epic,1,200001,105,300004,1
1575,330311,balance,equip,epic,2,200001,141,300004,1
1576,330312,balance,equip,epic,3,200001,205,300004,1
1577,34031,nature,equip,epic,1,200001,105,300004,1
1578,340311,nature,equip,epic,2,200001,141,300004,1
1579,340312,nature,equip,epic,3,200001,205,300004,1
1580,35031,chaos,equip,epic,1,200001,105,300004,1
1581,350311,chaos,equip,epic,2,200001,141,300004,1
1582,350312,chaos,equip,epic,3,200001,205,300004,1
1583,36031,all,equip,epic,1,200001,105,300004,1
1584,360311,all,equip,epic,2,200001,141,300004,1
1585,360312,all,equip,epic,3,200001,205,300004,1
1586,40001,all,consume,normal,1,200001,4,300001,1
1587,40002,all,consume,normal,1,200001,4,300001,1
1588,40003,all,consume,normal,1,200001,4,300001,1
1589,40004,all,consume,rare,1,200001,14,300002,1
1590,40005,all,consume,rare,1,200001,14,300002,1
1591,40006,all,consume,rare,1,200001,14,300002,1
1592,40007,all,consume,rare,1,200001,14,300002,1
1593,40008,all,consume,rarity,1,200001,65,300003,1
1594,40009,all,consume,rarity,1,200001,65,300003,1
1595,40010,all,consume,rarity,1,200001,65,300003,1
1596,40011,all,consume,rarity,1,200001,65,300003,1
1597,40012,all,consume,rarity,1,200001,65,300003,1
1598,40013,all,consume,epic,1,200001,105,300004,1
1599,40014,all,consume,epic,1,200001,105,300004,1
1600,40015,all,consume,rarity,1,200001,65,300003,1
