ID,卡牌ID,道具ID,道具数量,道具1ID,道具1数量
number,number,number,number,number,number
ID,card_id,item_id,item_num,item_id1,item_num1
1,110011,100001,40,,
2,110021,100001,40,,
3,110031,100001,205,,
4,110041,100001,40,,
5,110051,100001,205,,
6,110061,100001,205,,
7,110071,100001,1245,,
8,110081,100001,1245,,
9,110091,100001,2083,,
10,110101,100001,205,,
11,110111,100001,2083,,
12,110121,100001,1245,,
13,110131,100001,1245,,
14,110141,100001,2083,,
15,110151,100001,1245,,
16,110161,100001,40,,
17,110171,100001,40,,
18,110181,100001,205,,
19,110191,100001,205,,
20,120011,100001,40,,
21,120021,100001,40,,
22,120031,100001,40,,
23,120041,100001,205,,
24,120051,100001,205,,
25,120061,100001,205,,
26,120071,100001,1245,,
27,120081,100001,1245,,
28,120091,100001,2083,,
29,120101,100001,205,,
30,120111,100001,1245,,
31,120121,100001,1245,,
32,120131,100001,1245,,
33,120141,100001,2083,,
34,120151,100001,2083,,
35,120161,100001,40,,
36,120171,100001,40,,
37,120181,100001,205,,
38,120191,100001,205,,
39,130011,100001,40,,
40,130021,100001,40,,
41,130031,100001,40,,
42,130041,100001,205,,
43,130051,100001,205,,
44,130061,100001,205,,
45,130071,100001,1245,,
46,130081,100001,1245,,
47,130091,100001,2083,,
48,130101,100001,205,,
49,130111,100001,1245,,
50,130121,100001,1245,,
51,130131,100001,1245,,
52,130141,100001,2083,,
53,130151,100001,2083,,
54,130161,100001,40,,
55,130171,100001,40,,
56,130181,100001,205,,
57,130191,100001,205,,
58,140011,100001,40,,
59,140021,100001,40,,
60,140031,100001,40,,
61,140041,100001,205,,
62,140051,100001,205,,
63,140061,100001,205,,
64,140071,100001,1245,,
65,140081,100001,1245,,
66,140091,100001,2083,,
67,140101,100001,205,,
68,140111,100001,1245,,
69,140121,100001,1245,,
70,140131,100001,1245,,
71,140141,100001,2083,,
72,140151,100001,2083,,
73,140161,100001,40,,
74,140171,100001,40,,
75,140181,100001,205,,
76,140191,100001,205,,
77,150011,100001,40,,
78,150021,100001,40,,
79,150031,100001,40,,
80,150041,100001,205,,
81,150051,100001,205,,
82,150061,100001,205,,
83,150071,100001,1245,,
84,150081,100001,1245,,
85,150091,100001,2083,,
86,150101,100001,205,,
87,150111,100001,2083,,
88,150121,100001,1245,,
89,150131,100001,1245,,
90,150141,100001,2083,,
91,150151,100001,1245,,
92,150161,100001,40,,
93,150171,100001,40,,
94,150181,100001,205,,
95,150191,100001,205,,
96,21001,200001,40,,
97,22001,200001,40,,
98,23001,200001,40,,
99,24001,200001,40,,
100,25001,200001,40,,
101,26001,200001,40,,
102,21002,200001,40,,
103,22002,200001,40,,
104,23002,200001,40,,
105,24002,200001,40,,
106,25002,200001,40,,
107,26002,200001,40,,
108,21003,200001,40,,
109,22003,200001,40,,
110,23003,200001,40,,
111,24003,200001,40,,
112,25003,200001,40,,
113,26003,200001,40,,
114,21004,200001,40,,
115,22004,200001,40,,
116,23004,200001,40,,
117,24004,200001,40,,
118,25004,200001,40,,
119,26004,200001,40,,
120,21005,200001,136,,
121,22005,200001,136,,
122,23005,200001,136,,
123,24005,200001,136,,
124,25005,200001,136,,
125,26005,200001,136,,
126,22006,200001,40,,
127,23006,200001,40,,
128,24006,200001,40,,
129,25006,200001,40,,
130,26006,200001,40,,
131,21007,200001,40,,
132,22007,200001,40,,
133,23007,200001,40,,
134,24007,200001,40,,
135,25007,200001,40,,
136,26007,200001,40,,
137,22008,200001,40,,
138,23008,200001,40,,
139,24008,200001,40,,
140,26008,200001,40,,
141,21009,200001,136,,
142,22009,200001,136,,
143,23009,200001,136,,
144,24009,200001,136,,
145,25009,200001,136,,
146,26009,200001,136,,
147,21010,200001,136,,
148,22010,200001,136,,
149,23010,200001,136,,
150,24010,200001,136,,
151,25010,200001,136,,
152,26010,200001,136,,
153,21011,200001,136,,
154,22011,200001,136,,
155,23011,200001,136,,
156,24011,200001,136,,
157,25011,200001,136,,
158,26011,200001,136,,
159,21012,200001,136,,
160,22012,200001,136,,
161,23012,200001,136,,
162,24012,200001,136,,
163,25012,200001,136,,
164,26012,200001,136,,
165,21013,200001,136,,
166,22013,200001,136,,
167,23013,200001,136,,
168,24013,200001,136,,
169,25013,200001,136,,
170,26013,200001,136,,
171,21014,200001,136,,
172,22014,200001,136,,
173,23014,200001,136,,
174,24014,200001,136,,
175,25014,200001,136,,
176,26014,200001,136,,
177,21015,200001,136,,
178,22015,200001,136,,
179,23015,200001,136,,
180,24015,200001,136,,
181,25015,200001,136,,
182,26015,200001,136,,
183,21016,200001,136,,
184,22016,200001,136,,
185,24016,200001,136,,
186,25016,200001,136,,
187,26016,200001,136,,
188,21017,200001,136,,
189,22017,200001,136,,
190,23017,200001,136,,
191,24017,200001,136,,
192,26017,200001,136,,
193,22018,200001,136,,
194,23018,200001,136,,
195,24018,200001,136,,
196,25018,200001,136,,
197,26018,200001,136,,
198,21019,200001,136,,
199,23019,200001,136,,
200,24019,200001,136,,
201,25019,200001,136,,
202,26019,200001,136,,
203,21020,200001,136,,
204,22020,200001,136,,
205,23020,200001,136,,
206,25020,200001,136,,
207,26020,200001,136,,
208,21021,200001,644,,
209,22021,200001,644,,
210,23021,200001,644,,
211,24021,200001,644,,
212,25021,200001,644,,
213,26021,200001,644,,
214,22022,200001,644,,
215,23022,200001,644,,
216,24022,200001,644,,
217,26022,200001,644,,
218,22023,200001,644,,
219,23023,200001,644,,
220,24023,200001,644,,
221,26023,200001,644,,
222,22024,200001,644,,
223,23024,200001,644,,
224,24024,200001,644,,
225,25024,200001,644,,
226,26024,200001,644,,
227,21025,200001,644,,
228,22025,200001,644,,
229,23025,200001,644,,
230,24025,200001,644,,
231,26025,200001,644,,
232,21026,200001,1041,,
233,22026,200001,1041,,
234,23026,200001,1041,,
235,24026,200001,1041,,
236,25026,200001,1041,,
237,26026,200001,1041,,
238,21027,200001,1041,,
239,22027,200001,1041,,
240,23027,200001,1041,,
241,24027,200001,1041,,
242,26027,200001,1041,,
243,21028,200001,1041,,
244,23028,200001,1041,,
245,24028,200001,1041,,
246,26028,200001,1041,,
247,21029,200001,136,,
248,22029,200001,136,,
249,23029,200001,136,,
250,24029,200001,136,,
251,25029,200001,136,,
252,26029,200001,136,,
253,31001,200001,40,,
254,32001,200001,40,,
255,34001,200001,40,,
256,35001,200001,40,,
257,36001,200001,40,,
258,31002,200001,40,,
259,32002,200001,40,,
260,33002,200001,40,,
261,34002,200001,40,,
262,35002,200001,40,,
263,36002,200001,40,,
264,31003,200001,40,,
265,32003,200001,40,,
266,33003,200001,40,,
267,34003,200001,40,,
268,35003,200001,40,,
269,36003,200001,40,,
270,31004,200001,40,,
271,32004,200001,40,,
272,33004,200001,40,,
273,34004,200001,40,,
274,35004,200001,40,,
275,36004,200001,40,,
276,32005,200001,40,,
277,33005,200001,40,,
278,34005,200001,40,,
279,35005,200001,40,,
280,36005,200001,40,,
281,31006,200001,40,,
282,32006,200001,40,,
283,33006,200001,40,,
284,34006,200001,40,,
285,35006,200001,40,,
286,36006,200001,40,,
287,31007,200001,136,,
288,32007,200001,136,,
289,34007,200001,136,,
290,35007,200001,136,,
291,36007,200001,136,,
292,32008,200001,136,,
293,33008,200001,136,,
294,34008,200001,136,,
295,35008,200001,136,,
296,36008,200001,136,,
297,31009,200001,136,,
298,32009,200001,136,,
299,33009,200001,136,,
300,34009,200001,136,,
301,36009,200001,136,,
302,31010,200001,136,,
303,32010,200001,136,,
304,33010,200001,136,,
305,34010,200001,136,,
306,35010,200001,136,,
307,36010,200001,136,,
308,31011,200001,136,,
309,32011,200001,136,,
310,33011,200001,136,,
311,34011,200001,136,,
312,35011,200001,136,,
313,36011,200001,136,,
314,31012,200001,136,,
315,32012,200001,136,,
316,33012,200001,136,,
317,34012,200001,136,,
318,35012,200001,136,,
319,36012,200001,136,,
320,31013,200001,136,,
321,32013,200001,136,,
322,33013,200001,136,,
323,34013,200001,136,,
324,35013,200001,136,,
325,36013,200001,136,,
326,32014,200001,136,,
327,33014,200001,136,,
328,34014,200001,136,,
329,36014,200001,136,,
330,32015,200001,136,,
331,33015,200001,136,,
332,34015,200001,136,,
333,36015,200001,136,,
334,31016,200001,136,,
335,32016,200001,136,,
336,33016,200001,136,,
337,34016,200001,136,,
338,35016,200001,136,,
339,36016,200001,136,,
340,31017,200001,136,,
341,32017,200001,136,,
342,33017,200001,136,,
343,34017,200001,136,,
344,35017,200001,136,,
345,36017,200001,136,,
346,32018,200001,136,,
347,33018,200001,136,,
348,34018,200001,136,,
349,35018,200001,136,,
350,36018,200001,136,,
351,31019,200001,136,,
352,32019,200001,136,,
353,34019,200001,136,,
354,35019,200001,136,,
355,36019,200001,136,,
356,31020,200001,136,,
357,32020,200001,136,,
358,33020,200001,136,,
359,34020,200001,136,,
360,35020,200001,136,,
361,36020,200001,136,,
362,31021,200001,136,,
363,32021,200001,136,,
364,33021,200001,136,,
365,34021,200001,136,,
366,35021,200001,136,,
367,36021,200001,136,,
368,31022,200001,644,,
369,32022,200001,644,,
370,33022,200001,644,,
371,34022,200001,644,,
372,35022,200001,644,,
373,36022,200001,644,,
374,31023,200001,644,,
375,32023,200001,644,,
376,33023,200001,644,,
377,34023,200001,644,,
378,35023,200001,644,,
379,36023,200001,644,,
380,31024,200001,644,,
381,32024,200001,644,,
382,33024,200001,644,,
383,34024,200001,644,,
384,35024,200001,644,,
385,36024,200001,644,,
386,33025,200001,644,,
387,35025,200001,644,,
388,36025,200001,644,,
389,32026,200001,644,,
390,33026,200001,644,,
391,34026,200001,644,,
392,36026,200001,644,,
393,31027,200001,644,,
394,32027,200001,644,,
395,34027,200001,644,,
396,35027,200001,644,,
397,36027,200001,644,,
398,31028,200001,644,,
399,32028,200001,644,,
400,33028,200001,644,,
401,34028,200001,644,,
402,35028,200001,644,,
403,36028,200001,644,,
404,31029,200001,1041,,
405,32029,200001,1041,,
406,33029,200001,1041,,
407,34029,200001,1041,,
408,35029,200001,1041,,
409,36029,200001,1041,,
410,31030,200001,1041,,
411,32030,200001,1041,,
412,33030,200001,1041,,
413,34030,200001,1041,,
414,35030,200001,1041,,
415,36030,200001,1041,,
416,31031,200001,1041,,
417,32031,200001,1041,,
418,33031,200001,1041,,
419,34031,200001,1041,,
420,35031,200001,1041,,
421,36031,200001,1041,,
