卡牌ID,卡牌ID,下一级别卡牌ID,需求游戏币,需求代币,需求材料2,需求材料3,需求材料4,需求材料5,需求材料6,需求材料7,需求材料8,需求材料9
number,number,number,number,number,string,string,string,string,string,string,string,string
ID,card_id,next_card_id,req_money,req_coin,req_material_2,req_material_3,req_material_4,req_material_5,req_material_6,req_material_7,req_material_8,req_material_9
1,110011,110012,25,,item|100001|39,item|400001|1,,,,,,
2,110012,110013,77,,item|100001|63,item|400001|3,,,,,,
3,110013,110014,186,,item|100001|116,item|400001|7,,,,,,
4,110014,110015,424,,item|100001|189,item|400001|15,item|300001|1,,,,,
5,110021,110022,25,,item|100001|39,item|400001|1,,,,,,
6,110022,110023,77,,item|100001|63,item|400001|3,,,,,,
7,110023,110024,186,,item|100001|116,item|400001|7,,,,,,
8,110024,110025,424,,item|100001|189,item|400001|15,item|300001|1,,,,,
9,110031,110032,28,,item|100001|44,item|400001|1,,,,,,
10,110032,110033,88,,item|100001|72,item|400001|3,,,,,,
11,110033,110034,212,,item|100001|132,item|400001|8,,,,,,
12,110034,110035,484,,item|100001|216,item|400001|17,item|300002|1,,,,,
13,110035,110036,908,,item|100001|352,item|400001|36,item|300002|1,,,,,
14,110041,110042,25,,item|100001|39,item|400001|1,,,,,,
15,110042,110043,77,,item|100001|63,item|400001|3,,,,,,
16,110043,110044,186,,item|100001|116,item|400001|7,,,,,,
17,110044,110045,424,,item|100001|189,item|400001|15,item|300001|1,,,,,
18,110051,110052,28,,item|100001|44,item|400001|1,,,,,,
19,110052,110053,88,,item|100001|72,item|400001|3,,,,,,
20,110053,110054,212,,item|100001|132,item|400001|8,,,,,,
21,110054,110055,484,,item|100001|216,item|400001|17,item|300002|1,,,,,
22,110055,110056,908,,item|100001|352,item|400001|36,item|300002|1,,,,,
23,110061,110062,28,,item|100001|44,item|400001|1,,,,,,
24,110062,110063,88,,item|100001|72,item|400001|3,,,,,,
25,110063,110064,212,,item|100001|132,item|400001|8,,,,,,
26,110064,110065,484,,item|100001|216,item|400001|17,item|300002|1,,,,,
27,110065,110066,908,,item|100001|352,item|400001|36,item|300002|1,,,,,
28,110071,110072,32,,item|100001|50,item|400001|1,,,,,,
29,110072,110073,99,,item|100001|81,item|400001|3,,,,,,
30,110073,110074,239,,item|100001|149,item|400001|9,,,,,,
31,110074,110075,545,,item|100001|243,item|400001|19,item|300003|1,,,,,
32,110075,110076,1022,,item|100001|396,item|400001|40,item|300003|1,,,,,
33,110076,110077,1890,,item|100001|603,item|400001|72,item|300003|2,,,,,
34,110081,110082,32,,item|100001|50,item|400001|1,,,,,,
35,110082,110083,99,,item|100001|81,item|400001|3,,,,,,
36,110083,110084,239,,item|100001|149,item|400001|9,,,,,,
37,110084,110085,545,,item|100001|243,item|400001|19,item|300003|1,,,,,
38,110085,110086,1022,,item|100001|396,item|400001|40,item|300003|1,,,,,
39,110091,110092,35,,item|100001|55,item|400001|1,,,,,,
40,110092,110093,110,,item|100001|90,item|400001|3,,,,,,
41,110093,110094,265,,item|100001|165,item|400001|9,,,,,,
42,110094,110095,605,,item|100001|270,item|400001|21,item|300004|1,,,,,
43,110095,110096,1135,,item|100001|440,item|400001|44,item|300004|1,,,,,
44,110096,110097,2100,,item|100001|670,item|400001|80,item|300004|2,,,,,
45,110097,110098,3330,,item|100001|930,item|400001|133,item|300004|2,,,,,
46,110101,110102,28,,item|100001|44,item|400001|1,,,,,,
47,110102,110103,88,,item|100001|72,item|400001|3,,,,,,
48,110103,110104,212,,item|100001|132,item|400001|8,,,,,,
49,110104,110105,484,,item|100001|216,item|400001|17,item|300002|1,,,,,
50,110105,110106,908,,item|100001|352,item|400001|36,item|300002|1,,,,,
51,110111,110112,35,,item|100001|55,item|400001|1,,,,,,
52,110112,110113,110,,item|100001|90,item|400001|3,,,,,,
53,110113,110114,265,,item|100001|165,item|400001|9,,,,,,
54,110114,110115,605,,item|100001|270,item|400001|21,item|300004|1,,,,,
55,110115,110116,1135,,item|100001|440,item|400001|44,item|300004|1,,,,,
56,110116,110117,2100,,item|100001|670,item|400001|80,item|300004|2,,,,,
57,110117,110118,3330,,item|100001|930,item|400001|133,item|300004|2,,,,,
58,110121,110122,32,,item|100001|50,item|400001|1,,,,,,
59,110122,110123,99,,item|100001|81,item|400001|3,,,,,,
60,110123,110124,239,,item|100001|149,item|400001|9,,,,,,
61,110124,110125,545,,item|100001|243,item|400001|19,item|300003|1,,,,,
62,110125,110126,1022,,item|100001|396,item|400001|40,item|300003|1,,,,,
63,110126,110127,1890,,item|100001|603,item|400001|72,item|300003|2,,,,,
64,110131,110132,32,,item|100001|50,item|400001|1,,,,,,
65,110132,110133,99,,item|100001|81,item|400001|3,,,,,,
66,110133,110134,239,,item|100001|149,item|400001|9,,,,,,
67,110134,110135,545,,item|100001|243,item|400001|19,item|300003|1,,,,,
68,110135,110136,1022,,item|100001|396,item|400001|40,item|300003|1,,,,,
69,110136,110137,1890,,item|100001|603,item|400001|72,item|300003|2,,,,,
70,110141,110142,35,,item|100001|55,item|400001|1,,,,,,
71,110142,110143,110,,item|100001|90,item|400001|3,,,,,,
72,110143,110144,265,,item|100001|165,item|400001|9,,,,,,
73,110144,110145,605,,item|100001|270,item|400001|21,item|300004|1,,,,,
74,110145,110146,1135,,item|100001|440,item|400001|44,item|300004|1,,,,,
75,110146,110147,2100,,item|100001|670,item|400001|80,item|300004|2,,,,,
76,110147,110148,3330,,item|100001|930,item|400001|133,item|300004|2,,,,,
77,110151,110152,32,,item|100001|50,item|400001|1,,,,,,
78,110152,110153,99,,item|100001|81,item|400001|3,,,,,,
79,110153,110154,239,,item|100001|149,item|400001|9,,,,,,
80,110154,110155,545,,item|100001|243,item|400001|19,item|300003|1,,,,,
81,110155,110156,1022,,item|100001|396,item|400001|40,item|300003|1,,,,,
82,110156,110157,1890,,item|100001|603,item|400001|72,item|300003|2,,,,,
83,110161,110162,25,,item|100001|39,item|400001|1,,,,,,
84,110162,110163,77,,item|100001|63,item|400001|3,,,,,,
85,110163,110164,186,,item|100001|116,item|400001|7,,,,,,
86,110164,110165,424,,item|100001|189,item|400001|15,item|300001|1,,,,,
87,110171,110172,25,,item|100001|39,item|400001|1,,,,,,
88,110172,110173,77,,item|100001|63,item|400001|3,,,,,,
89,110173,110174,186,,item|100001|116,item|400001|7,,,,,,
90,110174,110175,424,,item|100001|189,item|400001|15,item|300001|1,,,,,
91,110181,110182,28,,item|100001|44,item|400001|1,,,,,,
92,110182,110183,88,,item|100001|72,item|400001|3,,,,,,
93,110183,110184,212,,item|100001|132,item|400001|8,,,,,,
94,110184,110185,484,,item|100001|216,item|400001|17,item|300002|1,,,,,
95,110185,110186,908,,item|100001|352,item|400001|36,item|300002|1,,,,,
96,110191,110192,28,,item|100001|44,item|400001|1,,,,,,
97,110192,110193,88,,item|100001|72,item|400001|3,,,,,,
98,110193,110194,212,,item|100001|132,item|400001|8,,,,,,
99,110194,110195,484,,item|100001|216,item|400001|17,item|300002|1,,,,,
100,110195,110196,908,,item|100001|352,item|400001|36,item|300002|1,,,,,
101,120011,120012,25,,item|100001|39,item|400001|1,,,,,,
102,120012,120013,77,,item|100001|63,item|400001|3,,,,,,
103,120013,120014,186,,item|100001|116,item|400001|7,,,,,,
104,120014,120015,424,,item|100001|189,item|400001|15,item|300001|1,,,,,
105,120021,120022,25,,item|100001|39,item|400001|1,,,,,,
106,120022,120023,77,,item|100001|63,item|400001|3,,,,,,
107,120023,120024,186,,item|100001|116,item|400001|7,,,,,,
108,120024,120025,424,,item|100001|189,item|400001|15,item|300001|1,,,,,
109,120031,120032,25,,item|100001|39,item|400001|1,,,,,,
110,120032,120033,77,,item|100001|63,item|400001|3,,,,,,
111,120033,120034,186,,item|100001|116,item|400001|7,,,,,,
112,120034,120035,424,,item|100001|189,item|400001|15,item|300001|1,,,,,
113,120041,120042,28,,item|100001|44,item|400001|1,,,,,,
114,120042,120043,88,,item|100001|72,item|400001|3,,,,,,
115,120043,120044,212,,item|100001|132,item|400001|8,,,,,,
116,120044,120045,484,,item|100001|216,item|400001|17,item|300002|1,,,,,
117,120045,120046,908,,item|100001|352,item|400001|36,item|300002|1,,,,,
118,120051,120052,28,,item|100001|44,item|400001|1,,,,,,
119,120052,120053,88,,item|100001|72,item|400001|3,,,,,,
120,120053,120054,212,,item|100001|132,item|400001|8,,,,,,
121,120054,120055,484,,item|100001|216,item|400001|17,item|300002|1,,,,,
122,120055,120056,908,,item|100001|352,item|400001|36,item|300002|1,,,,,
123,120061,120062,28,,item|100001|44,item|400001|1,,,,,,
124,120062,120063,88,,item|100001|72,item|400001|3,,,,,,
125,120063,120064,212,,item|100001|132,item|400001|8,,,,,,
126,120064,120065,484,,item|100001|216,item|400001|17,item|300002|1,,,,,
127,120065,120066,908,,item|100001|352,item|400001|36,item|300002|1,,,,,
128,120071,120072,32,,item|100001|50,item|400001|1,,,,,,
129,120072,120073,99,,item|100001|81,item|400001|3,,,,,,
130,120073,120074,239,,item|100001|149,item|400001|9,,,,,,
131,120074,120075,545,,item|100001|243,item|400001|19,item|300003|1,,,,,
132,120075,120076,1022,,item|100001|396,item|400001|40,item|300003|1,,,,,
133,120076,120077,1890,,item|100001|603,item|400001|72,item|300003|2,,,,,
134,120081,120082,32,,item|100001|50,item|400001|1,,,,,,
135,120082,120083,99,,item|100001|81,item|400001|3,,,,,,
136,120083,120084,239,,item|100001|149,item|400001|9,,,,,,
137,120084,120085,545,,item|100001|243,item|400001|19,item|300003|1,,,,,
138,120085,120086,1022,,item|100001|396,item|400001|40,item|300003|1,,,,,
139,120086,120087,1890,,item|100001|603,item|400001|72,item|300003|2,,,,,
140,120091,120092,35,,item|100001|55,item|400001|1,,,,,,
141,120092,120093,110,,item|100001|90,item|400001|3,,,,,,
142,120093,120094,265,,item|100001|165,item|400001|9,,,,,,
143,120094,120095,605,,item|100001|270,item|400001|21,item|300004|1,,,,,
144,120095,120096,1135,,item|100001|440,item|400001|44,item|300004|1,,,,,
145,120096,120097,2100,,item|100001|670,item|400001|80,item|300004|2,,,,,
146,120097,120098,3330,,item|100001|930,item|400001|133,item|300004|2,,,,,
147,120101,120102,28,,item|100001|44,item|400001|1,,,,,,
148,120102,120103,88,,item|100001|72,item|400001|3,,,,,,
149,120103,120104,212,,item|100001|132,item|400001|8,,,,,,
150,120104,120105,484,,item|100001|216,item|400001|17,item|300002|1,,,,,
151,120105,120106,908,,item|100001|352,item|400001|36,item|300002|1,,,,,
152,120111,120112,32,,item|100001|50,item|400001|1,,,,,,
153,120112,120113,99,,item|100001|81,item|400001|3,,,,,,
154,120113,120114,239,,item|100001|149,item|400001|9,,,,,,
155,120114,120115,545,,item|100001|243,item|400001|19,item|300003|1,,,,,
156,120115,120116,1022,,item|100001|396,item|400001|40,item|300003|1,,,,,
157,120116,120117,1890,,item|100001|603,item|400001|72,item|300003|2,,,,,
158,120121,120122,32,,item|100001|50,item|400001|1,,,,,,
159,120122,120123,99,,item|100001|81,item|400001|3,,,,,,
160,120123,120124,239,,item|100001|149,item|400001|9,,,,,,
161,120124,120125,545,,item|100001|243,item|400001|19,item|300003|1,,,,,
162,120125,120126,1022,,item|100001|396,item|400001|40,item|300003|1,,,,,
163,120126,120127,1890,,item|100001|603,item|400001|72,item|300003|2,,,,,
164,120131,120132,32,,item|100001|50,item|400001|1,,,,,,
165,120132,120133,99,,item|100001|81,item|400001|3,,,,,,
166,120133,120134,239,,item|100001|149,item|400001|9,,,,,,
167,120134,120135,545,,item|100001|243,item|400001|19,item|300003|1,,,,,
168,120135,120136,1022,,item|100001|396,item|400001|40,item|300003|1,,,,,
169,120136,120137,1890,,item|100001|603,item|400001|72,item|300003|2,,,,,
170,120141,120142,35,,item|100001|55,item|400001|1,,,,,,
171,120142,120143,110,,item|100001|90,item|400001|3,,,,,,
172,120143,120144,265,,item|100001|165,item|400001|9,,,,,,
173,120144,120145,605,,item|100001|270,item|400001|21,item|300004|1,,,,,
174,120145,120146,1135,,item|100001|440,item|400001|44,item|300004|1,,,,,
175,120146,120147,2100,,item|100001|670,item|400001|80,item|300004|2,,,,,
176,120147,120148,3330,,item|100001|930,item|400001|133,item|300004|2,,,,,
177,120151,120152,35,,item|100001|55,item|400001|1,,,,,,
178,120152,120153,110,,item|100001|90,item|400001|3,,,,,,
179,120153,120154,265,,item|100001|165,item|400001|9,,,,,,
180,120154,120155,605,,item|100001|270,item|400001|21,item|300004|1,,,,,
181,120155,120156,1135,,item|100001|440,item|400001|44,item|300004|1,,,,,
182,120156,120157,2100,,item|100001|670,item|400001|80,item|300004|2,,,,,
183,120157,120158,3330,,item|100001|930,item|400001|133,item|300004|2,,,,,
184,120161,120162,25,,item|100001|39,item|400001|1,,,,,,
185,120162,120163,77,,item|100001|63,item|400001|3,,,,,,
186,120163,120164,186,,item|100001|116,item|400001|7,,,,,,
187,120164,120165,424,,item|100001|189,item|400001|15,item|300001|1,,,,,
188,120171,120172,25,,item|100001|39,item|400001|1,,,,,,
189,120172,120173,77,,item|100001|63,item|400001|3,,,,,,
190,120173,120174,186,,item|100001|116,item|400001|7,,,,,,
191,120174,120175,424,,item|100001|189,item|400001|15,item|300001|1,,,,,
192,120181,120182,28,,item|100001|44,item|400001|1,,,,,,
193,120182,120183,88,,item|100001|72,item|400001|3,,,,,,
194,120183,120184,212,,item|100001|132,item|400001|8,,,,,,
195,120184,120185,484,,item|100001|216,item|400001|17,item|300002|1,,,,,
196,120185,120186,908,,item|100001|352,item|400001|36,item|300002|1,,,,,
197,120191,120192,28,,item|100001|44,item|400001|1,,,,,,
198,120192,120193,88,,item|100001|72,item|400001|3,,,,,,
199,120193,120194,212,,item|100001|132,item|400001|8,,,,,,
200,120194,120195,484,,item|100001|216,item|400001|17,item|300002|1,,,,,
201,120195,120196,908,,item|100001|352,item|400001|36,item|300002|1,,,,,
202,130011,130012,25,,item|100001|39,item|400001|1,,,,,,
203,130012,130013,77,,item|100001|63,item|400001|3,,,,,,
204,130013,130014,186,,item|100001|116,item|400001|7,,,,,,
205,130014,130015,424,,item|100001|189,item|400001|15,item|300001|1,,,,,
206,130021,130022,25,,item|100001|39,item|400001|1,,,,,,
207,130022,130023,77,,item|100001|63,item|400001|3,,,,,,
208,130023,130024,186,,item|100001|116,item|400001|7,,,,,,
209,130024,130025,424,,item|100001|189,item|400001|15,item|300001|1,,,,,
210,130031,130032,25,,item|100001|39,item|400001|1,,,,,,
211,130032,130033,77,,item|100001|63,item|400001|3,,,,,,
212,130033,130034,186,,item|100001|116,item|400001|7,,,,,,
213,130034,130035,424,,item|100001|189,item|400001|15,item|300001|1,,,,,
214,130041,130042,28,,item|100001|44,item|400001|1,,,,,,
215,130042,130043,88,,item|100001|72,item|400001|3,,,,,,
216,130043,130044,212,,item|100001|132,item|400001|8,,,,,,
217,130044,130045,484,,item|100001|216,item|400001|17,item|300002|1,,,,,
218,130045,130046,908,,item|100001|352,item|400001|36,item|300002|1,,,,,
219,130051,130052,28,,item|100001|44,item|400001|1,,,,,,
220,130052,130053,88,,item|100001|72,item|400001|3,,,,,,
221,130053,130054,212,,item|100001|132,item|400001|8,,,,,,
222,130054,130055,484,,item|100001|216,item|400001|17,item|300002|1,,,,,
223,130055,130056,908,,item|100001|352,item|400001|36,item|300002|1,,,,,
224,130061,130062,28,,item|100001|44,item|400001|1,,,,,,
225,130062,130063,88,,item|100001|72,item|400001|3,,,,,,
226,130063,130064,212,,item|100001|132,item|400001|8,,,,,,
227,130064,130065,484,,item|100001|216,item|400001|17,item|300002|1,,,,,
228,130065,130066,908,,item|100001|352,item|400001|36,item|300002|1,,,,,
229,130071,130072,32,,item|100001|50,item|400001|1,,,,,,
230,130072,130073,99,,item|100001|81,item|400001|3,,,,,,
231,130073,130074,239,,item|100001|149,item|400001|9,,,,,,
232,130074,130075,545,,item|100001|243,item|400001|19,item|300003|1,,,,,
233,130075,130076,1022,,item|100001|396,item|400001|40,item|300003|1,,,,,
234,130076,130077,1890,,item|100001|603,item|400001|72,item|300003|2,,,,,
235,130081,130082,32,,item|100001|50,item|400001|1,,,,,,
236,130082,130083,99,,item|100001|81,item|400001|3,,,,,,
237,130083,130084,239,,item|100001|149,item|400001|9,,,,,,
238,130084,130085,545,,item|100001|243,item|400001|19,item|300003|1,,,,,
239,130085,130086,1022,,item|100001|396,item|400001|40,item|300003|1,,,,,
240,130086,130087,1890,,item|100001|603,item|400001|72,item|300003|2,,,,,
241,130091,130092,35,,item|100001|55,item|400001|1,,,,,,
242,130092,130093,110,,item|100001|90,item|400001|3,,,,,,
243,130093,130094,265,,item|100001|165,item|400001|9,,,,,,
244,130094,130095,605,,item|100001|270,item|400001|21,item|300004|1,,,,,
245,130095,130096,1135,,item|100001|440,item|400001|44,item|300004|1,,,,,
246,130096,130097,2100,,item|100001|670,item|400001|80,item|300004|2,,,,,
247,130097,130098,3330,,item|100001|930,item|400001|133,item|300004|2,,,,,
248,130101,130102,28,,item|100001|44,item|400001|1,,,,,,
249,130102,130103,88,,item|100001|72,item|400001|3,,,,,,
250,130103,130104,212,,item|100001|132,item|400001|8,,,,,,
251,130104,130105,484,,item|100001|216,item|400001|17,item|300002|1,,,,,
252,130105,130106,908,,item|100001|352,item|400001|36,item|300002|1,,,,,
253,130111,130112,32,,item|100001|50,item|400001|1,,,,,,
254,130112,130113,99,,item|100001|81,item|400001|3,,,,,,
255,130113,130114,239,,item|100001|149,item|400001|9,,,,,,
256,130114,130115,545,,item|100001|243,item|400001|19,item|300003|1,,,,,
257,130115,130116,1022,,item|100001|396,item|400001|40,item|300003|1,,,,,
258,130116,130117,1890,,item|100001|603,item|400001|72,item|300003|2,,,,,
259,130121,130122,32,,item|100001|50,item|400001|1,,,,,,
260,130122,130123,99,,item|100001|81,item|400001|3,,,,,,
261,130123,130124,239,,item|100001|149,item|400001|9,,,,,,
262,130124,130125,545,,item|100001|243,item|400001|19,item|300003|1,,,,,
263,130125,130126,1022,,item|100001|396,item|400001|40,item|300003|1,,,,,
264,130126,130127,1890,,item|100001|603,item|400001|72,item|300003|2,,,,,
265,130131,130132,32,,item|100001|50,item|400001|1,,,,,,
266,130132,130133,99,,item|100001|81,item|400001|3,,,,,,
267,130133,130134,239,,item|100001|149,item|400001|9,,,,,,
268,130134,130135,545,,item|100001|243,item|400001|19,item|300003|1,,,,,
269,130135,130136,1022,,item|100001|396,item|400001|40,item|300003|1,,,,,
270,130136,130137,1890,,item|100001|603,item|400001|72,item|300003|2,,,,,
271,130141,130142,35,,item|100001|55,item|400001|1,,,,,,
272,130142,130143,110,,item|100001|90,item|400001|3,,,,,,
273,130143,130144,265,,item|100001|165,item|400001|9,,,,,,
274,130144,130145,605,,item|100001|270,item|400001|21,item|300004|1,,,,,
275,130145,130146,1135,,item|100001|440,item|400001|44,item|300004|1,,,,,
276,130146,130147,2100,,item|100001|670,item|400001|80,item|300004|2,,,,,
277,130147,130148,3330,,item|100001|930,item|400001|133,item|300004|2,,,,,
278,130141,130142,35,,item|100001|55,item|400001|1,,,,,,
279,130142,130143,110,,item|100001|90,item|400001|3,,,,,,
280,130143,130144,265,,item|100001|165,item|400001|9,,,,,,
281,130144,130145,605,,item|100001|270,item|400001|21,item|300004|1,,,,,
282,130145,130146,1135,,item|100001|440,item|400001|44,item|300004|1,,,,,
283,130146,130147,2100,,item|100001|670,item|400001|80,item|300004|2,,,,,
284,130147,130148,3330,,item|100001|930,item|400001|133,item|300004|2,,,,,
285,130151,130152,35,,item|100001|55,item|400001|1,,,,,,
286,130152,130153,110,,item|100001|90,item|400001|3,,,,,,
287,130153,130154,265,,item|100001|165,item|400001|9,,,,,,
288,130154,130155,605,,item|100001|270,item|400001|21,item|300004|1,,,,,
289,130155,130156,1135,,item|100001|440,item|400001|44,item|300004|1,,,,,
290,130156,130157,2100,,item|100001|670,item|400001|80,item|300004|2,,,,,
291,130157,130158,3330,,item|100001|930,item|400001|133,item|300004|2,,,,,
292,130161,130162,25,,item|100001|39,item|400001|1,,,,,,
293,130162,130163,77,,item|100001|63,item|400001|3,,,,,,
294,130163,130164,186,,item|100001|116,item|400001|7,,,,,,
295,130164,130165,424,,item|100001|189,item|400001|15,item|300001|1,,,,,
296,130171,130172,25,,item|100001|39,item|400001|1,,,,,,
297,130172,130173,77,,item|100001|63,item|400001|3,,,,,,
298,130173,130174,186,,item|100001|116,item|400001|7,,,,,,
299,130174,130175,424,,item|100001|189,item|400001|15,item|300001|1,,,,,
300,130181,130182,28,,item|100001|44,item|400001|1,,,,,,
301,130182,130183,88,,item|100001|72,item|400001|3,,,,,,
302,130183,130184,212,,item|100001|132,item|400001|8,,,,,,
303,130184,130185,484,,item|100001|216,item|400001|17,item|300002|1,,,,,
304,130185,130186,908,,item|100001|352,item|400001|36,item|300002|1,,,,,
305,130191,130192,28,,item|100001|44,item|400001|1,,,,,,
306,130192,130193,88,,item|100001|72,item|400001|3,,,,,,
307,130193,130194,212,,item|100001|132,item|400001|8,,,,,,
308,130194,130195,484,,item|100001|216,item|400001|17,item|300002|1,,,,,
309,130195,130196,908,,item|100001|352,item|400001|36,item|300002|1,,,,,
310,140011,140012,25,,item|100001|39,item|400001|1,,,,,,
311,140012,140013,77,,item|100001|63,item|400001|3,,,,,,
312,140013,140014,186,,item|100001|116,item|400001|7,,,,,,
313,140014,140015,424,,item|100001|189,item|400001|15,item|300001|1,,,,,
314,140021,140022,25,,item|100001|39,item|400001|1,,,,,,
315,140022,140023,77,,item|100001|63,item|400001|3,,,,,,
316,140023,140024,186,,item|100001|116,item|400001|7,,,,,,
317,140024,140025,424,,item|100001|189,item|400001|15,item|300001|1,,,,,
318,140031,140032,25,,item|100001|39,item|400001|1,,,,,,
319,140032,140033,77,,item|100001|63,item|400001|3,,,,,,
320,140033,140034,186,,item|100001|116,item|400001|7,,,,,,
321,140034,140035,424,,item|100001|189,item|400001|15,item|300001|1,,,,,
322,140041,140042,28,,item|100001|44,item|400001|1,,,,,,
323,140042,140043,88,,item|100001|72,item|400001|3,,,,,,
324,140043,140044,212,,item|100001|132,item|400001|8,,,,,,
325,140044,140045,484,,item|100001|216,item|400001|17,item|300002|1,,,,,
326,140045,140046,908,,item|100001|352,item|400001|36,item|300002|1,,,,,
327,140051,140052,28,,item|100001|44,item|400001|1,,,,,,
328,140052,140053,88,,item|100001|72,item|400001|3,,,,,,
329,140053,140054,212,,item|100001|132,item|400001|8,,,,,,
330,140054,140055,484,,item|100001|216,item|400001|17,item|300002|1,,,,,
331,140055,140056,908,,item|100001|352,item|400001|36,item|300002|1,,,,,
332,140061,140062,28,,item|100001|44,item|400001|1,,,,,,
333,140062,140063,88,,item|100001|72,item|400001|3,,,,,,
334,140063,140064,212,,item|100001|132,item|400001|8,,,,,,
335,140064,140065,484,,item|100001|216,item|400001|17,item|300002|1,,,,,
336,140065,140066,908,,item|100001|352,item|400001|36,item|300002|1,,,,,
337,140071,140072,32,,item|100001|50,item|400001|1,,,,,,
338,140072,140073,99,,item|100001|81,item|400001|3,,,,,,
339,140073,140074,239,,item|100001|149,item|400001|9,,,,,,
340,140074,140075,545,,item|100001|243,item|400001|19,item|300003|1,,,,,
341,140075,140076,1022,,item|100001|396,item|400001|40,item|300003|1,,,,,
342,140076,140077,1890,,item|100001|603,item|400001|72,item|300003|2,,,,,
343,140081,140082,32,,item|100001|50,item|400001|1,,,,,,
344,140082,140083,99,,item|100001|81,item|400001|3,,,,,,
345,140083,140084,239,,item|100001|149,item|400001|9,,,,,,
346,140084,140085,545,,item|100001|243,item|400001|19,item|300003|1,,,,,
347,140085,140086,1022,,item|100001|396,item|400001|40,item|300003|1,,,,,
348,140086,140087,1890,,item|100001|603,item|400001|72,item|300003|2,,,,,
349,140091,140092,35,,item|100001|55,item|400001|1,,,,,,
350,140092,140093,110,,item|100001|90,item|400001|3,,,,,,
351,140093,140094,265,,item|100001|165,item|400001|9,,,,,,
352,140094,140095,605,,item|100001|270,item|400001|21,item|300004|1,,,,,
353,140095,140096,1135,,item|100001|440,item|400001|44,item|300004|1,,,,,
354,140096,140097,2100,,item|100001|670,item|400001|80,item|300004|2,,,,,
355,140097,140098,3330,,item|100001|930,item|400001|133,item|300004|2,,,,,
356,140101,140102,28,,item|100001|44,item|400001|1,,,,,,
357,140102,140103,88,,item|100001|72,item|400001|3,,,,,,
358,140103,140104,212,,item|100001|132,item|400001|8,,,,,,
359,140104,140105,484,,item|100001|216,item|400001|17,item|300002|1,,,,,
360,140105,140106,908,,item|100001|352,item|400001|36,item|300002|1,,,,,
361,140111,140112,32,,item|100001|50,item|400001|1,,,,,,
362,140112,140113,99,,item|100001|81,item|400001|3,,,,,,
363,140113,140114,239,,item|100001|149,item|400001|9,,,,,,
364,140114,140115,545,,item|100001|243,item|400001|19,item|300003|1,,,,,
365,140115,140116,1022,,item|100001|396,item|400001|40,item|300003|1,,,,,
366,140116,140117,1890,,item|100001|603,item|400001|72,item|300003|2,,,,,
367,140121,140122,32,,item|100001|50,item|400001|1,,,,,,
368,140122,140123,99,,item|100001|81,item|400001|3,,,,,,
369,140123,140124,239,,item|100001|149,item|400001|9,,,,,,
370,140124,140125,545,,item|100001|243,item|400001|19,item|300003|1,,,,,
371,140125,140126,1022,,item|100001|396,item|400001|40,item|300003|1,,,,,
372,140126,140127,1890,,item|100001|603,item|400001|72,item|300003|2,,,,,
373,140131,140132,32,,item|100001|50,item|400001|1,,,,,,
374,140132,140133,99,,item|100001|81,item|400001|3,,,,,,
375,140133,140134,239,,item|100001|149,item|400001|9,,,,,,
376,140134,140135,545,,item|100001|243,item|400001|19,item|300003|1,,,,,
377,140135,140136,1022,,item|100001|396,item|400001|40,item|300003|1,,,,,
378,140136,140137,1890,,item|100001|603,item|400001|72,item|300003|2,,,,,
379,140141,140142,35,,item|100001|55,item|400001|1,,,,,,
380,140142,140143,110,,item|100001|90,item|400001|3,,,,,,
381,140143,140144,265,,item|100001|165,item|400001|9,,,,,,
382,140144,140145,605,,item|100001|270,item|400001|21,item|300004|1,,,,,
383,140145,140146,1135,,item|100001|440,item|400001|44,item|300004|1,,,,,
384,140146,140147,2100,,item|100001|670,item|400001|80,item|300004|2,,,,,
385,140147,140148,3330,,item|100001|930,item|400001|133,item|300004|2,,,,,
386,140151,140152,35,,item|100001|55,item|400001|1,,,,,,
387,140152,140153,110,,item|100001|90,item|400001|3,,,,,,
388,140153,140154,265,,item|100001|165,item|400001|9,,,,,,
389,140154,140155,605,,item|100001|270,item|400001|21,item|300004|1,,,,,
390,140155,140156,1135,,item|100001|440,item|400001|44,item|300004|1,,,,,
391,140156,140157,2100,,item|100001|670,item|400001|80,item|300004|2,,,,,
392,140157,140158,3330,,item|100001|930,item|400001|133,item|300004|2,,,,,
393,140161,140162,25,,item|100001|39,item|400001|1,,,,,,
394,140162,140163,77,,item|100001|63,item|400001|3,,,,,,
395,140163,140164,186,,item|100001|116,item|400001|7,,,,,,
396,140164,140165,424,,item|100001|189,item|400001|15,item|300001|1,,,,,
397,140171,140172,25,,item|100001|39,item|400001|1,,,,,,
398,140172,140173,77,,item|100001|63,item|400001|3,,,,,,
399,140173,140174,186,,item|100001|116,item|400001|7,,,,,,
400,140174,140175,424,,item|100001|189,item|400001|15,item|300001|1,,,,,
401,140181,140182,28,,item|100001|44,item|400001|1,,,,,,
402,140182,140183,88,,item|100001|72,item|400001|3,,,,,,
403,140183,140184,212,,item|100001|132,item|400001|8,,,,,,
404,140184,140185,484,,item|100001|216,item|400001|17,item|300002|1,,,,,
405,140185,140186,908,,item|100001|352,item|400001|36,item|300002|1,,,,,
406,140191,140192,28,,item|100001|44,item|400001|1,,,,,,
407,140192,140193,88,,item|100001|72,item|400001|3,,,,,,
408,140193,140194,212,,item|100001|132,item|400001|8,,,,,,
409,140194,140195,484,,item|100001|216,item|400001|17,item|300002|1,,,,,
410,140195,140196,908,,item|100001|352,item|400001|36,item|300002|1,,,,,
411,150011,150012,25,,item|100001|39,item|400001|1,,,,,,
412,150012,150013,77,,item|100001|63,item|400001|3,,,,,,
413,150013,150014,186,,item|100001|116,item|400001|7,,,,,,
414,150014,150015,424,,item|100001|189,item|400001|15,item|300001|1,,,,,
415,150021,150022,25,,item|100001|39,item|400001|1,,,,,,
416,150022,150023,77,,item|100001|63,item|400001|3,,,,,,
417,150023,150024,186,,item|100001|116,item|400001|7,,,,,,
418,150024,150025,424,,item|100001|189,item|400001|15,item|300001|1,,,,,
419,150031,150032,25,,item|100001|39,item|400001|1,,,,,,
420,150032,150033,77,,item|100001|63,item|400001|3,,,,,,
421,150033,150034,186,,item|100001|116,item|400001|7,,,,,,
422,150034,150035,424,,item|100001|189,item|400001|15,item|300001|1,,,,,
423,150041,150042,28,,item|100001|44,item|400001|1,,,,,,
424,150042,150043,88,,item|100001|72,item|400001|3,,,,,,
425,150043,150044,212,,item|100001|132,item|400001|8,,,,,,
426,150044,150045,484,,item|100001|216,item|400001|17,item|300002|1,,,,,
427,150045,150046,908,,item|100001|352,item|400001|36,item|300002|1,,,,,
428,150051,150052,28,,item|100001|44,item|400001|1,,,,,,
429,150052,150053,88,,item|100001|72,item|400001|3,,,,,,
430,150053,150054,212,,item|100001|132,item|400001|8,,,,,,
431,150054,150055,484,,item|100001|216,item|400001|17,item|300002|1,,,,,
432,150055,150056,908,,item|100001|352,item|400001|36,item|300002|1,,,,,
433,150061,150062,28,,item|100001|44,item|400001|1,,,,,,
434,150062,150063,88,,item|100001|72,item|400001|3,,,,,,
435,150063,150064,212,,item|100001|132,item|400001|8,,,,,,
436,150064,150065,484,,item|100001|216,item|400001|17,item|300002|1,,,,,
437,150065,150066,908,,item|100001|352,item|400001|36,item|300002|1,,,,,
438,150071,150072,32,,item|100001|50,item|400001|1,,,,,,
439,150072,150073,99,,item|100001|81,item|400001|3,,,,,,
440,150073,150074,239,,item|100001|149,item|400001|9,,,,,,
441,150074,150075,545,,item|100001|243,item|400001|19,item|300003|1,,,,,
442,150075,150076,1022,,item|100001|396,item|400001|40,item|300003|1,,,,,
443,150076,150077,1890,,item|100001|603,item|400001|72,item|300003|2,,,,,
444,150081,150082,32,,item|100001|50,item|400001|1,,,,,,
445,150082,150083,99,,item|100001|81,item|400001|3,,,,,,
446,150083,150084,239,,item|100001|149,item|400001|9,,,,,,
447,150084,150085,545,,item|100001|243,item|400001|19,item|300003|1,,,,,
448,150085,150086,1022,,item|100001|396,item|400001|40,item|300003|1,,,,,
449,150086,150087,1890,,item|100001|603,item|400001|72,item|300003|2,,,,,
450,150091,150092,35,,item|100001|55,item|400001|1,,,,,,
451,150092,150093,110,,item|100001|90,item|400001|3,,,,,,
452,150093,150094,265,,item|100001|165,item|400001|9,,,,,,
453,150094,150095,605,,item|100001|270,item|400001|21,item|300004|1,,,,,
454,150095,150096,1135,,item|100001|440,item|400001|44,item|300004|1,,,,,
455,150096,150097,2100,,item|100001|670,item|400001|80,item|300004|2,,,,,
456,150097,150098,3330,,item|100001|930,item|400001|133,item|300004|2,,,,,
457,150101,150102,28,,item|100001|44,item|400001|1,,,,,,
458,150102,150103,88,,item|100001|72,item|400001|3,,,,,,
459,150103,150104,212,,item|100001|132,item|400001|8,,,,,,
460,150104,150105,484,,item|100001|216,item|400001|17,item|300002|1,,,,,
461,150105,150106,908,,item|100001|352,item|400001|36,item|300002|1,,,,,
462,150111,150112,35,,item|100001|55,item|400001|1,,,,,,
463,150112,150113,110,,item|100001|90,item|400001|3,,,,,,
464,150113,150114,265,,item|100001|165,item|400001|9,,,,,,
465,150114,150115,605,,item|100001|270,item|400001|21,item|300004|1,,,,,
466,150115,150116,1135,,item|100001|440,item|400001|44,item|300004|1,,,,,
467,150116,150117,2100,,item|100001|670,item|400001|80,item|300004|2,,,,,
468,150117,150118,3330,,item|100001|930,item|400001|133,item|300004|2,,,,,
469,150121,150122,32,,item|100001|50,item|400001|1,,,,,,
470,150122,150123,99,,item|100001|81,item|400001|3,,,,,,
471,150123,150124,239,,item|100001|149,item|400001|9,,,,,,
472,150124,150125,545,,item|100001|243,item|400001|19,item|300003|1,,,,,
473,150125,150126,1022,,item|100001|396,item|400001|40,item|300003|1,,,,,
474,150126,150127,1890,,item|100001|603,item|400001|72,item|300003|2,,,,,
475,150131,150132,32,,item|100001|50,item|400001|1,,,,,,
476,150132,150133,99,,item|100001|81,item|400001|3,,,,,,
477,150133,150134,239,,item|100001|149,item|400001|9,,,,,,
478,150134,150135,545,,item|100001|243,item|400001|19,item|300003|1,,,,,
479,150135,150136,1022,,item|100001|396,item|400001|40,item|300003|1,,,,,
480,150136,150137,1890,,item|100001|603,item|400001|72,item|300003|2,,,,,
481,150141,150142,35,,item|100001|55,item|400001|1,,,,,,
482,150142,150143,110,,item|100001|90,item|400001|3,,,,,,
483,150143,150144,265,,item|100001|165,item|400001|9,,,,,,
484,150144,150145,605,,item|100001|270,item|400001|21,item|300004|1,,,,,
485,150145,150146,1135,,item|100001|440,item|400001|44,item|300004|1,,,,,
486,150146,150147,2100,,item|100001|670,item|400001|80,item|300004|2,,,,,
487,150147,150148,3330,,item|100001|930,item|400001|133,item|300004|2,,,,,
488,150151,150152,32,,item|100001|50,item|400001|1,,,,,,
489,150152,150153,99,,item|100001|81,item|400001|3,,,,,,
490,150153,150154,239,,item|100001|149,item|400001|9,,,,,,
491,150154,150155,545,,item|100001|243,item|400001|19,item|300003|1,,,,,
492,150155,150156,1022,,item|100001|396,item|400001|40,item|300003|1,,,,,
493,150156,150157,1890,,item|100001|603,item|400001|72,item|300003|2,,,,,
494,150161,150162,25,,item|100001|39,item|400001|1,,,,,,
495,150162,150163,77,,item|100001|63,item|400001|3,,,,,,
496,150163,150164,186,,item|100001|116,item|400001|7,,,,,,
497,150164,150165,424,,item|100001|189,item|400001|15,item|300001|1,,,,,
498,150171,150172,25,,item|100001|39,item|400001|1,,,,,,
499,150172,150173,77,,item|100001|63,item|400001|3,,,,,,
500,150173,150174,186,,item|100001|116,item|400001|7,,,,,,
501,150174,150175,424,,item|100001|189,item|400001|15,item|300001|1,,,,,
502,150181,150182,28,,item|100001|44,item|400001|1,,,,,,
503,150182,150183,88,,item|100001|72,item|400001|3,,,,,,
504,150183,150184,212,,item|100001|132,item|400001|8,,,,,,
505,150184,150185,484,,item|100001|216,item|400001|17,item|300002|1,,,,,
506,150185,150186,908,,item|100001|352,item|400001|36,item|300002|1,,,,,
507,150191,150192,28,,item|100001|44,item|400001|1,,,,,,
508,150192,150193,88,,item|100001|72,item|400001|3,,,,,,
509,150193,150194,212,,item|100001|132,item|400001|8,,,,,,
510,150194,150195,484,,item|100001|216,item|400001|17,item|300002|1,,,,,
511,150195,150196,908,,item|100001|352,item|400001|36,item|300002|1,,,,,
512,21001,210011,735,,item|200001|231,item|400001|26,item|300001|2,,,,,
513,210011,210012,2568,,item|200001|404,item|400001|98,item|300001|4,,,,,
514,22001,220011,735,,item|200001|231,item|400001|26,item|300001|2,,,,,
515,220011,220012,2568,,item|200001|404,item|400001|98,item|300001|4,,,,,
516,23001,230011,735,,item|200001|231,item|400001|26,item|300001|2,,,,,
517,230011,230012,2568,,item|200001|404,item|400001|98,item|300001|4,,,,,
518,24001,240011,735,,item|200001|231,item|400001|26,item|300001|2,,,,,
519,240011,240012,2568,,item|200001|404,item|400001|98,item|300001|4,,,,,
520,25001,250011,735,,item|200001|231,item|400001|26,item|300001|2,,,,,
521,250011,250012,2568,,item|200001|404,item|400001|98,item|300001|4,,,,,
522,26001,260011,735,,item|200001|231,item|400001|26,item|300001|2,,,,,
523,260011,260012,2568,,item|200001|404,item|400001|98,item|300001|4,,,,,
524,21002,210021,735,,item|200001|231,item|400001|26,item|300001|2,,,,,
525,210021,210022,2568,,item|200001|404,item|400001|98,item|300001|4,,,,,
526,22002,220021,735,,item|200001|231,item|400001|26,item|300001|2,,,,,
527,220021,220022,2568,,item|200001|404,item|400001|98,item|300001|4,,,,,
528,23002,230021,735,,item|200001|231,item|400001|26,item|300001|2,,,,,
529,230021,230022,2568,,item|200001|404,item|400001|98,item|300001|4,,,,,
530,24002,240021,735,,item|200001|231,item|400001|26,item|300001|2,,,,,
531,240021,240022,2568,,item|200001|404,item|400001|98,item|300001|4,,,,,
532,25002,250021,735,,item|200001|231,item|400001|26,item|300001|2,,,,,
533,250021,250022,2568,,item|200001|404,item|400001|98,item|300001|4,,,,,
534,26002,260021,735,,item|200001|231,item|400001|26,item|300001|2,,,,,
535,260021,260022,2568,,item|200001|404,item|400001|98,item|300001|4,,,,,
536,21003,210031,735,,item|200001|231,item|400001|26,item|300001|2,,,,,
537,210031,210032,2568,,item|200001|404,item|400001|98,item|300001|4,,,,,
538,22003,220031,735,,item|200001|231,item|400001|26,item|300001|2,,,,,
539,220031,220032,2568,,item|200001|404,item|400001|98,item|300001|4,,,,,
540,23003,230031,735,,item|200001|231,item|400001|26,item|300001|2,,,,,
541,230031,230032,2568,,item|200001|404,item|400001|98,item|300001|4,,,,,
542,24003,240031,735,,item|200001|231,item|400001|26,item|300001|2,,,,,
543,240031,240032,2568,,item|200001|404,item|400001|98,item|300001|4,,,,,
544,25003,250031,735,,item|200001|231,item|400001|26,item|300001|2,,,,,
545,250031,250032,2568,,item|200001|404,item|400001|98,item|300001|4,,,,,
546,26003,260031,735,,item|200001|231,item|400001|26,item|300001|2,,,,,
547,260031,260032,2568,,item|200001|404,item|400001|98,item|300001|4,,,,,
548,21004,210041,735,,item|200001|231,item|400001|26,item|300001|2,,,,,
549,210041,210042,2568,,item|200001|404,item|400001|98,item|300001|4,,,,,
550,22004,220041,735,,item|200001|231,item|400001|26,item|300001|2,,,,,
551,220041,220042,2568,,item|200001|404,item|400001|98,item|300001|4,,,,,
552,23004,230041,735,,item|200001|231,item|400001|26,item|300001|2,,,,,
553,230041,230042,2568,,item|200001|404,item|400001|98,item|300001|4,,,,,
554,24004,240041,735,,item|200001|231,item|400001|26,item|300001|2,,,,,
555,240041,240042,2568,,item|200001|404,item|400001|98,item|300001|4,,,,,
556,25004,250041,735,,item|200001|231,item|400001|26,item|300001|2,,,,,
557,250041,250042,2568,,item|200001|404,item|400001|98,item|300001|4,,,,,
558,26004,260041,735,,item|200001|231,item|400001|26,item|300001|2,,,,,
559,260041,260042,2568,,item|200001|404,item|400001|98,item|300001|4,,,,,
560,21005,210051,932,,item|200001|292,item|400001|32,item|300002|2,,,,,
561,210051,210052,3260,,item|200001|512,item|400001|124,item|300002|4,,,,,
562,22005,220051,932,,item|200001|292,item|400001|32,item|300002|2,,,,,
563,220051,220052,3260,,item|200001|512,item|400001|124,item|300002|4,,,,,
564,23005,230051,932,,item|200001|292,item|400001|32,item|300002|2,,,,,
565,230051,230052,3260,,item|200001|512,item|400001|124,item|300002|4,,,,,
566,24005,240051,932,,item|200001|292,item|400001|32,item|300002|2,,,,,
567,240051,240052,3260,,item|200001|512,item|400001|124,item|300002|4,,,,,
568,25005,250051,932,,item|200001|292,item|400001|32,item|300002|2,,,,,
569,250051,250052,3260,,item|200001|512,item|400001|124,item|300002|4,,,,,
570,26005,260051,932,,item|200001|292,item|400001|32,item|300002|2,,,,,
571,260051,260052,3260,,item|200001|512,item|400001|124,item|300002|4,,,,,
572,22006,220061,735,,item|200001|231,item|400001|26,item|300001|2,,,,,
573,220061,220062,2568,,item|200001|404,item|400001|98,item|300001|4,,,,,
574,23006,230061,735,,item|200001|231,item|400001|26,item|300001|2,,,,,
575,230061,230062,2568,,item|200001|404,item|400001|98,item|300001|4,,,,,
576,24006,240061,735,,item|200001|231,item|400001|26,item|300001|2,,,,,
577,240061,240062,2568,,item|200001|404,item|400001|98,item|300001|4,,,,,
578,25006,250061,735,,item|200001|231,item|400001|26,item|300001|2,,,,,
579,250061,250062,2568,,item|200001|404,item|400001|98,item|300001|4,,,,,
580,26006,260061,735,,item|200001|231,item|400001|26,item|300001|2,,,,,
581,260061,260062,2568,,item|200001|404,item|400001|98,item|300001|4,,,,,
582,21007,210071,735,,item|200001|231,item|400001|26,item|300001|2,,,,,
583,210071,210072,2568,,item|200001|404,item|400001|98,item|300001|4,,,,,
584,22007,220071,735,,item|200001|231,item|400001|26,item|300001|2,,,,,
585,220071,220072,2568,,item|200001|404,item|400001|98,item|300001|4,,,,,
586,23007,230071,735,,item|200001|231,item|400001|26,item|300001|2,,,,,
587,230071,230072,2568,,item|200001|404,item|400001|98,item|300001|4,,,,,
588,24007,240071,735,,item|200001|231,item|400001|26,item|300001|2,,,,,
589,240071,240072,2568,,item|200001|404,item|400001|98,item|300001|4,,,,,
590,25007,250071,735,,item|200001|231,item|400001|26,item|300001|2,,,,,
591,250071,250072,2568,,item|200001|404,item|400001|98,item|300001|4,,,,,
592,26007,260071,735,,item|200001|231,item|400001|26,item|300001|2,,,,,
593,260071,260072,2568,,item|200001|404,item|400001|98,item|300001|4,,,,,
594,22008,220081,735,,item|200001|231,item|400001|26,item|300001|2,,,,,
595,220081,220082,2568,,item|200001|404,item|400001|98,item|300001|4,,,,,
596,23008,230081,735,,item|200001|231,item|400001|26,item|300001|2,,,,,
597,230081,230082,2568,,item|200001|404,item|400001|98,item|300001|4,,,,,
598,24008,240081,735,,item|200001|231,item|400001|26,item|300001|2,,,,,
599,240081,240082,2568,,item|200001|404,item|400001|98,item|300001|4,,,,,
600,26008,260081,735,,item|200001|231,item|400001|26,item|300001|2,,,,,
601,260081,260082,2568,,item|200001|404,item|400001|98,item|300001|4,,,,,
602,21009,210091,932,,item|200001|292,item|400001|32,item|300002|2,,,,,
603,210091,210092,3260,,item|200001|512,item|400001|124,item|300002|4,,,,,
604,22009,220091,932,,item|200001|292,item|400001|32,item|300002|2,,,,,
605,220091,220092,3260,,item|200001|512,item|400001|124,item|300002|4,,,,,
606,23009,230091,932,,item|200001|292,item|400001|32,item|300002|2,,,,,
607,230091,230092,3260,,item|200001|512,item|400001|124,item|300002|4,,,,,
608,24009,240091,932,,item|200001|292,item|400001|32,item|300002|2,,,,,
609,240091,240092,3260,,item|200001|512,item|400001|124,item|300002|4,,,,,
610,25009,250091,932,,item|200001|292,item|400001|32,item|300002|2,,,,,
611,250091,250092,3260,,item|200001|512,item|400001|124,item|300002|4,,,,,
612,26009,260091,932,,item|200001|292,item|400001|32,item|300002|2,,,,,
613,260091,260092,3260,,item|200001|512,item|400001|124,item|300002|4,,,,,
614,21010,210101,932,,item|200001|292,item|400001|32,item|300002|2,,,,,
615,210101,210102,3260,,item|200001|512,item|400001|124,item|300002|4,,,,,
616,22010,220101,932,,item|200001|292,item|400001|32,item|300002|2,,,,,
617,220101,220102,3260,,item|200001|512,item|400001|124,item|300002|4,,,,,
618,23010,230101,932,,item|200001|292,item|400001|32,item|300002|2,,,,,
619,230101,230102,3260,,item|200001|512,item|400001|124,item|300002|4,,,,,
620,24010,240101,932,,item|200001|292,item|400001|32,item|300002|2,,,,,
621,240101,240102,3260,,item|200001|512,item|400001|124,item|300002|4,,,,,
622,25010,250101,932,,item|200001|292,item|400001|32,item|300002|2,,,,,
623,250101,250102,3260,,item|200001|512,item|400001|124,item|300002|4,,,,,
624,26010,260101,932,,item|200001|292,item|400001|32,item|300002|2,,,,,
625,260101,260102,3260,,item|200001|512,item|400001|124,item|300002|4,,,,,
626,21011,210111,932,,item|200001|292,item|400001|32,item|300002|2,,,,,
627,210111,210112,3260,,item|200001|512,item|400001|124,item|300002|4,,,,,
628,22011,220111,932,,item|200001|292,item|400001|32,item|300002|2,,,,,
629,220111,220112,3260,,item|200001|512,item|400001|124,item|300002|4,,,,,
630,23011,230111,932,,item|200001|292,item|400001|32,item|300002|2,,,,,
631,230111,230112,3260,,item|200001|512,item|400001|124,item|300002|4,,,,,
632,24011,240111,932,,item|200001|292,item|400001|32,item|300002|2,,,,,
633,240111,240112,3260,,item|200001|512,item|400001|124,item|300002|4,,,,,
634,25011,250111,932,,item|200001|292,item|400001|32,item|300002|2,,,,,
635,250111,250112,3260,,item|200001|512,item|400001|124,item|300002|4,,,,,
636,26011,260111,932,,item|200001|292,item|400001|32,item|300002|2,,,,,
637,260111,260112,3260,,item|200001|512,item|400001|124,item|300002|4,,,,,
638,21012,210121,932,,item|200001|292,item|400001|32,item|300002|2,,,,,
639,210121,210122,3260,,item|200001|512,item|400001|124,item|300002|4,,,,,
640,22012,220121,932,,item|200001|292,item|400001|32,item|300002|2,,,,,
641,220121,220122,3260,,item|200001|512,item|400001|124,item|300002|4,,,,,
642,23012,230121,932,,item|200001|292,item|400001|32,item|300002|2,,,,,
643,230121,230122,3260,,item|200001|512,item|400001|124,item|300002|4,,,,,
644,24012,240121,932,,item|200001|292,item|400001|32,item|300002|2,,,,,
645,240121,240122,3260,,item|200001|512,item|400001|124,item|300002|4,,,,,
646,25012,250121,932,,item|200001|292,item|400001|32,item|300002|2,,,,,
647,250121,250122,3260,,item|200001|512,item|400001|124,item|300002|4,,,,,
648,26012,260121,932,,item|200001|292,item|400001|32,item|300002|2,,,,,
649,260121,260122,3260,,item|200001|512,item|400001|124,item|300002|4,,,,,
650,21013,210131,932,,item|200001|292,item|400001|32,item|300002|2,,,,,
651,210131,210132,3260,,item|200001|512,item|400001|124,item|300002|4,,,,,
652,22013,220131,932,,item|200001|292,item|400001|32,item|300002|2,,,,,
653,220131,220132,3260,,item|200001|512,item|400001|124,item|300002|4,,,,,
654,23013,230131,932,,item|200001|292,item|400001|32,item|300002|2,,,,,
655,230131,230132,3260,,item|200001|512,item|400001|124,item|300002|4,,,,,
656,24013,240131,932,,item|200001|292,item|400001|32,item|300002|2,,,,,
657,240131,240132,3260,,item|200001|512,item|400001|124,item|300002|4,,,,,
658,25013,250131,932,,item|200001|292,item|400001|32,item|300002|2,,,,,
659,250131,250132,3260,,item|200001|512,item|400001|124,item|300002|4,,,,,
660,26013,260131,932,,item|200001|292,item|400001|32,item|300002|2,,,,,
661,260131,260132,3260,,item|200001|512,item|400001|124,item|300002|4,,,,,
662,21014,210141,932,,item|200001|292,item|400001|32,item|300002|2,,,,,
663,210141,210142,3260,,item|200001|512,item|400001|124,item|300002|4,,,,,
664,22014,220141,932,,item|200001|292,item|400001|32,item|300002|2,,,,,
665,220141,220142,3260,,item|200001|512,item|400001|124,item|300002|4,,,,,
666,23014,230141,932,,item|200001|292,item|400001|32,item|300002|2,,,,,
667,230141,230142,3260,,item|200001|512,item|400001|124,item|300002|4,,,,,
668,24014,240141,932,,item|200001|292,item|400001|32,item|300002|2,,,,,
669,240141,240142,3260,,item|200001|512,item|400001|124,item|300002|4,,,,,
670,25014,250141,932,,item|200001|292,item|400001|32,item|300002|2,,,,,
671,250141,250142,3260,,item|200001|512,item|400001|124,item|300002|4,,,,,
672,26014,260141,932,,item|200001|292,item|400001|32,item|300002|2,,,,,
673,260141,260142,3260,,item|200001|512,item|400001|124,item|300002|4,,,,,
674,21015,210151,932,,item|200001|292,item|400001|32,item|300002|2,,,,,
675,210151,210152,3260,,item|200001|512,item|400001|124,item|300002|4,,,,,
676,22015,220151,932,,item|200001|292,item|400001|32,item|300002|2,,,,,
677,220151,220152,3260,,item|200001|512,item|400001|124,item|300002|4,,,,,
678,23015,230151,932,,item|200001|292,item|400001|32,item|300002|2,,,,,
679,230151,230152,3260,,item|200001|512,item|400001|124,item|300002|4,,,,,
680,24015,240151,932,,item|200001|292,item|400001|32,item|300002|2,,,,,
681,240151,240152,3260,,item|200001|512,item|400001|124,item|300002|4,,,,,
682,25015,250151,932,,item|200001|292,item|400001|32,item|300002|2,,,,,
683,250151,250152,3260,,item|200001|512,item|400001|124,item|300002|4,,,,,
684,26015,260151,932,,item|200001|292,item|400001|32,item|300002|2,,,,,
685,260151,260152,3260,,item|200001|512,item|400001|124,item|300002|4,,,,,
686,21016,210161,932,,item|200001|292,item|400001|32,item|300002|2,,,,,
687,210161,210162,3260,,item|200001|512,item|400001|124,item|300002|4,,,,,
688,22016,220161,932,,item|200001|292,item|400001|32,item|300002|2,,,,,
689,220161,220162,3260,,item|200001|512,item|400001|124,item|300002|4,,,,,
690,24016,240161,932,,item|200001|292,item|400001|32,item|300002|2,,,,,
691,240161,240162,3260,,item|200001|512,item|400001|124,item|300002|4,,,,,
692,25016,250161,932,,item|200001|292,item|400001|32,item|300002|2,,,,,
693,250161,250162,3260,,item|200001|512,item|400001|124,item|300002|4,,,,,
694,26016,260161,932,,item|200001|292,item|400001|32,item|300002|2,,,,,
695,260161,260162,3260,,item|200001|512,item|400001|124,item|300002|4,,,,,
696,21017,210171,932,,item|200001|292,item|400001|32,item|300002|2,,,,,
697,210171,210172,3260,,item|200001|512,item|400001|124,item|300002|4,,,,,
698,22017,220171,932,,item|200001|292,item|400001|32,item|300002|2,,,,,
699,220171,220172,3260,,item|200001|512,item|400001|124,item|300002|4,,,,,
700,23017,230171,932,,item|200001|292,item|400001|32,item|300002|2,,,,,
701,230171,230172,3260,,item|200001|512,item|400001|124,item|300002|4,,,,,
702,24017,240171,932,,item|200001|292,item|400001|32,item|300002|2,,,,,
703,240171,240172,3260,,item|200001|512,item|400001|124,item|300002|4,,,,,
704,26017,260171,932,,item|200001|292,item|400001|32,item|300002|2,,,,,
705,260171,260172,3260,,item|200001|512,item|400001|124,item|300002|4,,,,,
706,22018,220181,932,,item|200001|292,item|400001|32,item|300002|2,,,,,
707,220181,220182,3260,,item|200001|512,item|400001|124,item|300002|4,,,,,
708,23018,230181,932,,item|200001|292,item|400001|32,item|300002|2,,,,,
709,230181,230182,3260,,item|200001|512,item|400001|124,item|300002|4,,,,,
710,24018,240181,932,,item|200001|292,item|400001|32,item|300002|2,,,,,
711,240181,240182,3260,,item|200001|512,item|400001|124,item|300002|4,,,,,
712,25018,250181,932,,item|200001|292,item|400001|32,item|300002|2,,,,,
713,250181,250182,3260,,item|200001|512,item|400001|124,item|300002|4,,,,,
714,26018,260181,932,,item|200001|292,item|400001|32,item|300002|2,,,,,
715,260181,260182,3260,,item|200001|512,item|400001|124,item|300002|4,,,,,
716,21019,210191,932,,item|200001|292,item|400001|32,item|300002|2,,,,,
717,210191,210192,3260,,item|200001|512,item|400001|124,item|300002|4,,,,,
718,23019,230191,932,,item|200001|292,item|400001|32,item|300002|2,,,,,
719,230191,230192,3260,,item|200001|512,item|400001|124,item|300002|4,,,,,
720,24019,240191,932,,item|200001|292,item|400001|32,item|300002|2,,,,,
721,240191,240192,3260,,item|200001|512,item|400001|124,item|300002|4,,,,,
722,25019,250191,932,,item|200001|292,item|400001|32,item|300002|2,,,,,
723,250191,250192,3260,,item|200001|512,item|400001|124,item|300002|4,,,,,
724,26019,260191,932,,item|200001|292,item|400001|32,item|300002|2,,,,,
725,260191,260192,3260,,item|200001|512,item|400001|124,item|300002|4,,,,,
726,21020,210201,932,,item|200001|292,item|400001|32,item|300002|2,,,,,
727,210201,210202,3260,,item|200001|512,item|400001|124,item|300002|4,,,,,
728,22020,220201,932,,item|200001|292,item|400001|32,item|300002|2,,,,,
729,220201,220202,3260,,item|200001|512,item|400001|124,item|300002|4,,,,,
730,23020,230201,932,,item|200001|292,item|400001|32,item|300002|2,,,,,
731,230201,230202,3260,,item|200001|512,item|400001|124,item|300002|4,,,,,
732,25020,250201,932,,item|200001|292,item|400001|32,item|300002|2,,,,,
733,250201,250202,3260,,item|200001|512,item|400001|124,item|300002|4,,,,,
734,26020,260201,932,,item|200001|292,item|400001|32,item|300002|2,,,,,
735,260201,260202,3260,,item|200001|512,item|400001|124,item|300002|4,,,,,
736,21021,210211,1049,,item|200001|329,item|400001|36,item|300003|2,,,,,
737,210211,210212,3668,,item|200001|576,item|400001|140,item|300003|4,,,,,
738,22021,220211,1049,,item|200001|329,item|400001|36,item|300003|2,,,,,
739,220211,220212,3668,,item|200001|576,item|400001|140,item|300003|4,,,,,
740,23021,230211,1049,,item|200001|329,item|400001|36,item|300003|2,,,,,
741,230211,230212,3668,,item|200001|576,item|400001|140,item|300003|4,,,,,
742,24021,240211,1049,,item|200001|329,item|400001|36,item|300003|2,,,,,
743,240211,240212,3668,,item|200001|576,item|400001|140,item|300003|4,,,,,
744,25021,250211,1049,,item|200001|329,item|400001|36,item|300003|2,,,,,
745,250211,250212,3668,,item|200001|576,item|400001|140,item|300003|4,,,,,
746,26021,260211,1049,,item|200001|329,item|400001|36,item|300003|2,,,,,
747,260211,260212,3668,,item|200001|576,item|400001|140,item|300003|4,,,,,
748,22022,220221,1049,,item|200001|329,item|400001|36,item|300003|2,,,,,
749,220221,220222,3668,,item|200001|576,item|400001|140,item|300003|4,,,,,
750,23022,230221,1049,,item|200001|329,item|400001|36,item|300003|2,,,,,
751,230221,230222,3668,,item|200001|576,item|400001|140,item|300003|4,,,,,
752,24022,240221,1049,,item|200001|329,item|400001|36,item|300003|2,,,,,
753,240221,240222,3668,,item|200001|576,item|400001|140,item|300003|4,,,,,
754,26022,260221,1049,,item|200001|329,item|400001|36,item|300003|2,,,,,
755,260221,260222,3668,,item|200001|576,item|400001|140,item|300003|4,,,,,
756,22023,220231,1049,,item|200001|329,item|400001|36,item|300003|2,,,,,
757,220231,220232,3668,,item|200001|576,item|400001|140,item|300003|4,,,,,
758,23023,230231,1049,,item|200001|329,item|400001|36,item|300003|2,,,,,
759,230231,230232,3668,,item|200001|576,item|400001|140,item|300003|4,,,,,
760,24023,240231,1049,,item|200001|329,item|400001|36,item|300003|2,,,,,
761,240231,240232,3668,,item|200001|576,item|400001|140,item|300003|4,,,,,
762,26023,260231,1049,,item|200001|329,item|400001|36,item|300003|2,,,,,
763,260231,260232,3668,,item|200001|576,item|400001|140,item|300003|4,,,,,
764,22024,220241,1049,,item|200001|329,item|400001|36,item|300003|2,,,,,
765,220241,220242,3668,,item|200001|576,item|400001|140,item|300003|4,,,,,
766,23024,230241,1049,,item|200001|329,item|400001|36,item|300003|2,,,,,
767,230241,230242,3668,,item|200001|576,item|400001|140,item|300003|4,,,,,
768,24024,240241,1049,,item|200001|329,item|400001|36,item|300003|2,,,,,
769,240241,240242,3668,,item|200001|576,item|400001|140,item|300003|4,,,,,
770,25024,250241,1049,,item|200001|329,item|400001|36,item|300003|2,,,,,
771,250241,250242,3668,,item|200001|576,item|400001|140,item|300003|4,,,,,
772,26024,260241,1049,,item|200001|329,item|400001|36,item|300003|2,,,,,
773,260241,260242,3668,,item|200001|576,item|400001|140,item|300003|4,,,,,
774,21025,210251,1049,,item|200001|329,item|400001|36,item|300003|2,,,,,
775,210251,210252,3668,,item|200001|576,item|400001|140,item|300003|4,,,,,
776,22025,220251,1049,,item|200001|329,item|400001|36,item|300003|2,,,,,
777,220251,220252,3668,,item|200001|576,item|400001|140,item|300003|4,,,,,
778,23025,230251,1049,,item|200001|329,item|400001|36,item|300003|2,,,,,
779,230251,230252,3668,,item|200001|576,item|400001|140,item|300003|4,,,,,
780,24025,240251,1049,,item|200001|329,item|400001|36,item|300003|2,,,,,
781,240251,240252,3668,,item|200001|576,item|400001|140,item|300003|4,,,,,
782,26025,260251,1049,,item|200001|329,item|400001|36,item|300003|2,,,,,
783,260251,260252,3668,,item|200001|576,item|400001|140,item|300003|4,,,,,
784,21026,210261,1165,,item|200001|365,item|400001|40,item|300004|2,,,,,
785,210261,210262,4075,,item|200001|640,item|400001|155,item|300004|4,,,,,
786,22026,220261,1165,,item|200001|365,item|400001|40,item|300004|2,,,,,
787,220261,220262,4075,,item|200001|640,item|400001|155,item|300004|4,,,,,
788,23026,230261,1165,,item|200001|365,item|400001|40,item|300004|2,,,,,
789,230261,230262,4075,,item|200001|640,item|400001|155,item|300004|4,,,,,
790,24026,240261,1165,,item|200001|365,item|400001|40,item|300004|2,,,,,
791,240261,240262,4075,,item|200001|640,item|400001|155,item|300004|4,,,,,
792,25026,250261,1165,,item|200001|365,item|400001|40,item|300004|2,,,,,
793,250261,250262,4075,,item|200001|640,item|400001|155,item|300004|4,,,,,
794,26026,260261,1165,,item|200001|365,item|400001|40,item|300004|2,,,,,
795,260261,260262,4075,,item|200001|640,item|400001|155,item|300004|4,,,,,
796,21027,210271,1165,,item|200001|365,item|400001|40,item|300004|2,,,,,
797,210271,210272,4075,,item|200001|640,item|400001|155,item|300004|4,,,,,
798,22027,220271,1165,,item|200001|365,item|400001|40,item|300004|2,,,,,
799,220271,220272,4075,,item|200001|640,item|400001|155,item|300004|4,,,,,
800,23027,230271,1165,,item|200001|365,item|400001|40,item|300004|2,,,,,
801,230271,230272,4075,,item|200001|640,item|400001|155,item|300004|4,,,,,
802,24027,240271,1165,,item|200001|365,item|400001|40,item|300004|2,,,,,
803,240271,240272,4075,,item|200001|640,item|400001|155,item|300004|4,,,,,
804,26027,260271,1165,,item|200001|365,item|400001|40,item|300004|2,,,,,
805,260271,260272,4075,,item|200001|640,item|400001|155,item|300004|4,,,,,
806,21028,210281,1165,,item|200001|365,item|400001|40,item|300004|2,,,,,
807,210281,210282,4075,,item|200001|640,item|400001|155,item|300004|4,,,,,
808,23028,230281,1165,,item|200001|365,item|400001|40,item|300004|2,,,,,
809,230281,230282,4075,,item|200001|640,item|400001|155,item|300004|4,,,,,
810,24028,240281,1165,,item|200001|365,item|400001|40,item|300004|2,,,,,
811,240281,240282,4075,,item|200001|640,item|400001|155,item|300004|4,,,,,
812,26028,260281,1165,,item|200001|365,item|400001|40,item|300004|2,,,,,
813,260281,260282,4075,,item|200001|640,item|400001|155,item|300004|4,,,,,
814,21029,210291,932,,item|200001|292,item|400001|32,item|300002|2,,,,,
815,210291,210292,3260,,item|200001|512,item|400001|124,item|300002|4,,,,,
816,22029,220291,932,,item|200001|292,item|400001|32,item|300002|2,,,,,
817,220291,220292,3260,,item|200001|512,item|400001|124,item|300002|4,,,,,
818,23029,230291,932,,item|200001|292,item|400001|32,item|300002|2,,,,,
819,230291,230292,3260,,item|200001|512,item|400001|124,item|300002|4,,,,,
820,24029,240291,932,,item|200001|292,item|400001|32,item|300002|2,,,,,
821,240291,240292,3260,,item|200001|512,item|400001|124,item|300002|4,,,,,
822,25029,250291,932,,item|200001|292,item|400001|32,item|300002|2,,,,,
823,250291,250292,3260,,item|200001|512,item|400001|124,item|300002|4,,,,,
824,26029,260291,932,,item|200001|292,item|400001|32,item|300002|2,,,,,
825,260291,260292,3260,,item|200001|512,item|400001|124,item|300002|4,,,,,
826,31001,310011,735,,item|200001|231,item|400001|26,item|300001|2,,,,,
827,310011,310012,2568,,item|200001|404,item|400001|98,item|300001|4,,,,,
828,32001,320011,735,,item|200001|231,item|400001|26,item|300001|2,,,,,
829,320011,320012,2568,,item|200001|404,item|400001|98,item|300001|4,,,,,
830,34001,340011,735,,item|200001|231,item|400001|26,item|300001|2,,,,,
831,340011,340012,2568,,item|200001|404,item|400001|98,item|300001|4,,,,,
832,35001,350011,735,,item|200001|231,item|400001|26,item|300001|2,,,,,
833,350011,350012,2568,,item|200001|404,item|400001|98,item|300001|4,,,,,
834,36001,360011,735,,item|200001|231,item|400001|26,item|300001|2,,,,,
835,360011,360012,2568,,item|200001|404,item|400001|98,item|300001|4,,,,,
836,31002,310021,735,,item|200001|231,item|400001|26,item|300001|2,,,,,
837,310021,310022,2568,,item|200001|404,item|400001|98,item|300001|4,,,,,
838,32002,320021,735,,item|200001|231,item|400001|26,item|300001|2,,,,,
839,320021,320022,2568,,item|200001|404,item|400001|98,item|300001|4,,,,,
840,33002,330021,735,,item|200001|231,item|400001|26,item|300001|2,,,,,
841,330021,330022,2568,,item|200001|404,item|400001|98,item|300001|4,,,,,
842,34002,340021,735,,item|200001|231,item|400001|26,item|300001|2,,,,,
843,340021,340022,2568,,item|200001|404,item|400001|98,item|300001|4,,,,,
844,35002,350021,735,,item|200001|231,item|400001|26,item|300001|2,,,,,
845,350021,350022,2568,,item|200001|404,item|400001|98,item|300001|4,,,,,
846,36002,360021,735,,item|200001|231,item|400001|26,item|300001|2,,,,,
847,360021,360022,2568,,item|200001|404,item|400001|98,item|300001|4,,,,,
848,31003,310031,735,,item|200001|231,item|400001|26,item|300001|2,,,,,
849,310031,310032,2568,,item|200001|404,item|400001|98,item|300001|4,,,,,
850,32003,320031,735,,item|200001|231,item|400001|26,item|300001|2,,,,,
851,320031,320032,2568,,item|200001|404,item|400001|98,item|300001|4,,,,,
852,33003,330031,735,,item|200001|231,item|400001|26,item|300001|2,,,,,
853,330031,330032,2568,,item|200001|404,item|400001|98,item|300001|4,,,,,
854,34003,340031,735,,item|200001|231,item|400001|26,item|300001|2,,,,,
855,340031,340032,2568,,item|200001|404,item|400001|98,item|300001|4,,,,,
856,35003,350031,735,,item|200001|231,item|400001|26,item|300001|2,,,,,
857,350031,350032,2568,,item|200001|404,item|400001|98,item|300001|4,,,,,
858,36003,360031,735,,item|200001|231,item|400001|26,item|300001|2,,,,,
859,360031,360032,2568,,item|200001|404,item|400001|98,item|300001|4,,,,,
860,31004,310041,735,,item|200001|231,item|400001|26,item|300001|2,,,,,
861,310041,310042,2568,,item|200001|404,item|400001|98,item|300001|4,,,,,
862,32004,320041,735,,item|200001|231,item|400001|26,item|300001|2,,,,,
863,320041,320042,2568,,item|200001|404,item|400001|98,item|300001|4,,,,,
864,33004,330041,735,,item|200001|231,item|400001|26,item|300001|2,,,,,
865,330041,330042,2568,,item|200001|404,item|400001|98,item|300001|4,,,,,
866,34004,340041,735,,item|200001|231,item|400001|26,item|300001|2,,,,,
867,340041,340042,2568,,item|200001|404,item|400001|98,item|300001|4,,,,,
868,35004,350041,735,,item|200001|231,item|400001|26,item|300001|2,,,,,
869,350041,350042,2568,,item|200001|404,item|400001|98,item|300001|4,,,,,
870,36004,360041,735,,item|200001|231,item|400001|26,item|300001|2,,,,,
871,360041,360042,2568,,item|200001|404,item|400001|98,item|300001|4,,,,,
872,32005,320051,735,,item|200001|231,item|400001|26,item|300001|2,,,,,
873,320051,320052,2568,,item|200001|404,item|400001|98,item|300001|4,,,,,
874,33005,330051,735,,item|200001|231,item|400001|26,item|300001|2,,,,,
875,330051,330052,2568,,item|200001|404,item|400001|98,item|300001|4,,,,,
876,34005,340051,735,,item|200001|231,item|400001|26,item|300001|2,,,,,
877,340051,340052,2568,,item|200001|404,item|400001|98,item|300001|4,,,,,
878,35005,350051,735,,item|200001|231,item|400001|26,item|300001|2,,,,,
879,350051,350052,2568,,item|200001|404,item|400001|98,item|300001|4,,,,,
880,36005,360051,735,,item|200001|231,item|400001|26,item|300001|2,,,,,
881,360051,360052,2568,,item|200001|404,item|400001|98,item|300001|4,,,,,
882,31006,310061,735,,item|200001|231,item|400001|26,item|300001|2,,,,,
883,310061,310062,2568,,item|200001|404,item|400001|98,item|300001|4,,,,,
884,32006,320061,735,,item|200001|231,item|400001|26,item|300001|2,,,,,
885,320061,320062,2568,,item|200001|404,item|400001|98,item|300001|4,,,,,
886,33006,330061,735,,item|200001|231,item|400001|26,item|300001|2,,,,,
887,330061,330062,2568,,item|200001|404,item|400001|98,item|300001|4,,,,,
888,34006,340061,735,,item|200001|231,item|400001|26,item|300001|2,,,,,
889,340061,340062,2568,,item|200001|404,item|400001|98,item|300001|4,,,,,
890,35006,350061,735,,item|200001|231,item|400001|26,item|300001|2,,,,,
891,350061,350062,2568,,item|200001|404,item|400001|98,item|300001|4,,,,,
892,36006,360061,735,,item|200001|231,item|400001|26,item|300001|2,,,,,
893,360061,360062,2568,,item|200001|404,item|400001|98,item|300001|4,,,,,
894,31007,310071,932,,item|200001|292,item|400001|32,item|300002|2,,,,,
895,310071,310072,3260,,item|200001|512,item|400001|124,item|300002|4,,,,,
896,32007,320071,932,,item|200001|292,item|400001|32,item|300002|2,,,,,
897,320071,320072,3260,,item|200001|512,item|400001|124,item|300002|4,,,,,
898,34007,340071,932,,item|200001|292,item|400001|32,item|300002|2,,,,,
899,340071,340072,3260,,item|200001|512,item|400001|124,item|300002|4,,,,,
900,35007,350071,932,,item|200001|292,item|400001|32,item|300002|2,,,,,
901,350071,350072,3260,,item|200001|512,item|400001|124,item|300002|4,,,,,
902,36007,360071,932,,item|200001|292,item|400001|32,item|300002|2,,,,,
903,360071,360072,3260,,item|200001|512,item|400001|124,item|300002|4,,,,,
904,32008,320081,932,,item|200001|292,item|400001|32,item|300002|2,,,,,
905,320081,320082,3260,,item|200001|512,item|400001|124,item|300002|4,,,,,
906,33008,330081,932,,item|200001|292,item|400001|32,item|300002|2,,,,,
907,330081,330082,3260,,item|200001|512,item|400001|124,item|300002|4,,,,,
908,34008,340081,932,,item|200001|292,item|400001|32,item|300002|2,,,,,
909,340081,340082,3260,,item|200001|512,item|400001|124,item|300002|4,,,,,
910,35008,350081,932,,item|200001|292,item|400001|32,item|300002|2,,,,,
911,350081,350082,3260,,item|200001|512,item|400001|124,item|300002|4,,,,,
912,36008,360081,932,,item|200001|292,item|400001|32,item|300002|2,,,,,
913,360081,360082,3260,,item|200001|512,item|400001|124,item|300002|4,,,,,
914,31009,310091,932,,item|200001|292,item|400001|32,item|300002|2,,,,,
915,310091,310092,3260,,item|200001|512,item|400001|124,item|300002|4,,,,,
916,32009,320091,932,,item|200001|292,item|400001|32,item|300002|2,,,,,
917,320091,320092,3260,,item|200001|512,item|400001|124,item|300002|4,,,,,
918,33009,330091,932,,item|200001|292,item|400001|32,item|300002|2,,,,,
919,330091,330092,3260,,item|200001|512,item|400001|124,item|300002|4,,,,,
920,34009,340091,932,,item|200001|292,item|400001|32,item|300002|2,,,,,
921,340091,340092,3260,,item|200001|512,item|400001|124,item|300002|4,,,,,
922,36009,360091,932,,item|200001|292,item|400001|32,item|300002|2,,,,,
923,360091,360092,3260,,item|200001|512,item|400001|124,item|300002|4,,,,,
924,31010,310101,932,,item|200001|292,item|400001|32,item|300002|2,,,,,
925,310101,310102,3260,,item|200001|512,item|400001|124,item|300002|4,,,,,
926,32010,320101,932,,item|200001|292,item|400001|32,item|300002|2,,,,,
927,320101,320102,3260,,item|200001|512,item|400001|124,item|300002|4,,,,,
928,33010,330101,932,,item|200001|292,item|400001|32,item|300002|2,,,,,
929,330101,330102,3260,,item|200001|512,item|400001|124,item|300002|4,,,,,
930,34010,340101,932,,item|200001|292,item|400001|32,item|300002|2,,,,,
931,340101,340102,3260,,item|200001|512,item|400001|124,item|300002|4,,,,,
932,35010,350101,932,,item|200001|292,item|400001|32,item|300002|2,,,,,
933,350101,350102,3260,,item|200001|512,item|400001|124,item|300002|4,,,,,
934,36010,360101,932,,item|200001|292,item|400001|32,item|300002|2,,,,,
935,360101,360102,3260,,item|200001|512,item|400001|124,item|300002|4,,,,,
936,31011,310111,932,,item|200001|292,item|400001|32,item|300002|2,,,,,
937,310111,310112,3260,,item|200001|512,item|400001|124,item|300002|4,,,,,
938,32011,320111,932,,item|200001|292,item|400001|32,item|300002|2,,,,,
939,320111,320112,3260,,item|200001|512,item|400001|124,item|300002|4,,,,,
940,33011,330111,932,,item|200001|292,item|400001|32,item|300002|2,,,,,
941,330111,330112,3260,,item|200001|512,item|400001|124,item|300002|4,,,,,
942,34011,340111,932,,item|200001|292,item|400001|32,item|300002|2,,,,,
943,340111,340112,3260,,item|200001|512,item|400001|124,item|300002|4,,,,,
944,35011,350111,932,,item|200001|292,item|400001|32,item|300002|2,,,,,
945,350111,350112,3260,,item|200001|512,item|400001|124,item|300002|4,,,,,
946,36011,360111,932,,item|200001|292,item|400001|32,item|300002|2,,,,,
947,360111,360112,3260,,item|200001|512,item|400001|124,item|300002|4,,,,,
948,31012,310121,932,,item|200001|292,item|400001|32,item|300002|2,,,,,
949,310121,310122,3260,,item|200001|512,item|400001|124,item|300002|4,,,,,
950,32012,320121,932,,item|200001|292,item|400001|32,item|300002|2,,,,,
951,320121,320122,3260,,item|200001|512,item|400001|124,item|300002|4,,,,,
952,33012,330121,932,,item|200001|292,item|400001|32,item|300002|2,,,,,
953,330121,330122,3260,,item|200001|512,item|400001|124,item|300002|4,,,,,
954,34012,340121,932,,item|200001|292,item|400001|32,item|300002|2,,,,,
955,340121,340122,3260,,item|200001|512,item|400001|124,item|300002|4,,,,,
956,35012,350121,932,,item|200001|292,item|400001|32,item|300002|2,,,,,
957,350121,350122,3260,,item|200001|512,item|400001|124,item|300002|4,,,,,
958,36012,360121,932,,item|200001|292,item|400001|32,item|300002|2,,,,,
959,360121,360122,3260,,item|200001|512,item|400001|124,item|300002|4,,,,,
960,31013,310131,932,,item|200001|292,item|400001|32,item|300002|2,,,,,
961,310131,310132,3260,,item|200001|512,item|400001|124,item|300002|4,,,,,
962,32013,320131,932,,item|200001|292,item|400001|32,item|300002|2,,,,,
963,320131,320132,3260,,item|200001|512,item|400001|124,item|300002|4,,,,,
964,33013,330131,932,,item|200001|292,item|400001|32,item|300002|2,,,,,
965,330131,330132,3260,,item|200001|512,item|400001|124,item|300002|4,,,,,
966,34013,340131,932,,item|200001|292,item|400001|32,item|300002|2,,,,,
967,340131,340132,3260,,item|200001|512,item|400001|124,item|300002|4,,,,,
968,35013,350131,932,,item|200001|292,item|400001|32,item|300002|2,,,,,
969,350131,350132,3260,,item|200001|512,item|400001|124,item|300002|4,,,,,
970,36013,360131,932,,item|200001|292,item|400001|32,item|300002|2,,,,,
971,360131,360132,3260,,item|200001|512,item|400001|124,item|300002|4,,,,,
972,32014,320141,932,,item|200001|292,item|400001|32,item|300002|2,,,,,
973,320141,320142,3260,,item|200001|512,item|400001|124,item|300002|4,,,,,
974,33014,330141,932,,item|200001|292,item|400001|32,item|300002|2,,,,,
975,330141,330142,3260,,item|200001|512,item|400001|124,item|300002|4,,,,,
976,34014,340141,932,,item|200001|292,item|400001|32,item|300002|2,,,,,
977,340141,340142,3260,,item|200001|512,item|400001|124,item|300002|4,,,,,
978,36014,360141,932,,item|200001|292,item|400001|32,item|300002|2,,,,,
979,360141,360142,3260,,item|200001|512,item|400001|124,item|300002|4,,,,,
980,32015,320151,932,,item|200001|292,item|400001|32,item|300002|2,,,,,
981,320151,320152,3260,,item|200001|512,item|400001|124,item|300002|4,,,,,
982,33015,330151,932,,item|200001|292,item|400001|32,item|300002|2,,,,,
983,330151,330152,3260,,item|200001|512,item|400001|124,item|300002|4,,,,,
984,34015,340151,932,,item|200001|292,item|400001|32,item|300002|2,,,,,
985,340151,340152,3260,,item|200001|512,item|400001|124,item|300002|4,,,,,
986,36015,360151,932,,item|200001|292,item|400001|32,item|300002|2,,,,,
987,360151,360152,3260,,item|200001|512,item|400001|124,item|300002|4,,,,,
988,31016,310161,932,,item|200001|292,item|400001|32,item|300002|2,,,,,
989,310161,310162,3260,,item|200001|512,item|400001|124,item|300002|4,,,,,
990,32016,320161,932,,item|200001|292,item|400001|32,item|300002|2,,,,,
991,320161,320162,3260,,item|200001|512,item|400001|124,item|300002|4,,,,,
992,33016,330161,932,,item|200001|292,item|400001|32,item|300002|2,,,,,
993,330161,330162,3260,,item|200001|512,item|400001|124,item|300002|4,,,,,
994,34016,340161,932,,item|200001|292,item|400001|32,item|300002|2,,,,,
995,340161,340162,3260,,item|200001|512,item|400001|124,item|300002|4,,,,,
996,35016,350161,932,,item|200001|292,item|400001|32,item|300002|2,,,,,
997,350161,350162,3260,,item|200001|512,item|400001|124,item|300002|4,,,,,
998,36016,360161,932,,item|200001|292,item|400001|32,item|300002|2,,,,,
999,360161,360162,3260,,item|200001|512,item|400001|124,item|300002|4,,,,,
1000,31017,310171,932,,item|200001|292,item|400001|32,item|300002|2,,,,,
1001,310171,310172,3260,,item|200001|512,item|400001|124,item|300002|4,,,,,
1002,32017,320171,932,,item|200001|292,item|400001|32,item|300002|2,,,,,
1003,320171,320172,3260,,item|200001|512,item|400001|124,item|300002|4,,,,,
1004,33017,330171,932,,item|200001|292,item|400001|32,item|300002|2,,,,,
1005,330171,330172,3260,,item|200001|512,item|400001|124,item|300002|4,,,,,
1006,34017,340171,932,,item|200001|292,item|400001|32,item|300002|2,,,,,
1007,340171,340172,3260,,item|200001|512,item|400001|124,item|300002|4,,,,,
1008,35017,350171,932,,item|200001|292,item|400001|32,item|300002|2,,,,,
1009,350171,350172,3260,,item|200001|512,item|400001|124,item|300002|4,,,,,
1010,36017,360171,932,,item|200001|292,item|400001|32,item|300002|2,,,,,
1011,360171,360172,3260,,item|200001|512,item|400001|124,item|300002|4,,,,,
1012,32018,320181,932,,item|200001|292,item|400001|32,item|300002|2,,,,,
1013,320181,320182,3260,,item|200001|512,item|400001|124,item|300002|4,,,,,
1014,33018,330181,932,,item|200001|292,item|400001|32,item|300002|2,,,,,
1015,330181,330182,3260,,item|200001|512,item|400001|124,item|300002|4,,,,,
1016,34018,340181,932,,item|200001|292,item|400001|32,item|300002|2,,,,,
1017,340181,340182,3260,,item|200001|512,item|400001|124,item|300002|4,,,,,
1018,35018,350181,932,,item|200001|292,item|400001|32,item|300002|2,,,,,
1019,350181,350182,3260,,item|200001|512,item|400001|124,item|300002|4,,,,,
1020,36018,360181,932,,item|200001|292,item|400001|32,item|300002|2,,,,,
1021,360181,360182,3260,,item|200001|512,item|400001|124,item|300002|4,,,,,
1022,31019,310191,932,,item|200001|292,item|400001|32,item|300002|2,,,,,
1023,310191,310192,3260,,item|200001|512,item|400001|124,item|300002|4,,,,,
1024,32019,320191,932,,item|200001|292,item|400001|32,item|300002|2,,,,,
1025,320191,320192,3260,,item|200001|512,item|400001|124,item|300002|4,,,,,
1026,34019,340191,932,,item|200001|292,item|400001|32,item|300002|2,,,,,
1027,340191,340192,3260,,item|200001|512,item|400001|124,item|300002|4,,,,,
1028,35019,350191,932,,item|200001|292,item|400001|32,item|300002|2,,,,,
1029,350191,350192,3260,,item|200001|512,item|400001|124,item|300002|4,,,,,
1030,36019,360191,932,,item|200001|292,item|400001|32,item|300002|2,,,,,
1031,360191,360192,3260,,item|200001|512,item|400001|124,item|300002|4,,,,,
1032,31020,310201,932,,item|200001|292,item|400001|32,item|300002|2,,,,,
1033,310201,310202,3260,,item|200001|512,item|400001|124,item|300002|4,,,,,
1034,32020,320201,932,,item|200001|292,item|400001|32,item|300002|2,,,,,
1035,320201,320202,3260,,item|200001|512,item|400001|124,item|300002|4,,,,,
1036,33020,330201,932,,item|200001|292,item|400001|32,item|300002|2,,,,,
1037,330201,330202,3260,,item|200001|512,item|400001|124,item|300002|4,,,,,
1038,34020,340201,932,,item|200001|292,item|400001|32,item|300002|2,,,,,
1039,340201,340202,3260,,item|200001|512,item|400001|124,item|300002|4,,,,,
1040,35020,350201,932,,item|200001|292,item|400001|32,item|300002|2,,,,,
1041,350201,350202,3260,,item|200001|512,item|400001|124,item|300002|4,,,,,
1042,36020,360201,932,,item|200001|292,item|400001|32,item|300002|2,,,,,
1043,360201,360202,3260,,item|200001|512,item|400001|124,item|300002|4,,,,,
1044,31021,310211,932,,item|200001|292,item|400001|32,item|300002|2,,,,,
1045,310211,310212,3260,,item|200001|512,item|400001|124,item|300002|4,,,,,
1046,32021,320211,932,,item|200001|292,item|400001|32,item|300002|2,,,,,
1047,320211,320212,3260,,item|200001|512,item|400001|124,item|300002|4,,,,,
1048,33021,330211,932,,item|200001|292,item|400001|32,item|300002|2,,,,,
1049,330211,330212,3260,,item|200001|512,item|400001|124,item|300002|4,,,,,
1050,34021,340211,932,,item|200001|292,item|400001|32,item|300002|2,,,,,
1051,340211,340212,3260,,item|200001|512,item|400001|124,item|300002|4,,,,,
1052,35021,350211,932,,item|200001|292,item|400001|32,item|300002|2,,,,,
1053,350211,350212,3260,,item|200001|512,item|400001|124,item|300002|4,,,,,
1054,36021,360211,932,,item|200001|292,item|400001|32,item|300002|2,,,,,
1055,360211,360212,3260,,item|200001|512,item|400001|124,item|300002|4,,,,,
1056,31022,310221,1049,,item|200001|329,item|400001|36,item|300003|2,,,,,
1057,310221,310222,3668,,item|200001|576,item|400001|140,item|300003|4,,,,,
1058,32022,320221,1049,,item|200001|329,item|400001|36,item|300003|2,,,,,
1059,320221,320222,3668,,item|200001|576,item|400001|140,item|300003|4,,,,,
1060,33022,330221,1049,,item|200001|329,item|400001|36,item|300003|2,,,,,
1061,330221,330222,3668,,item|200001|576,item|400001|140,item|300003|4,,,,,
1062,34022,340221,1049,,item|200001|329,item|400001|36,item|300003|2,,,,,
1063,340221,340222,3668,,item|200001|576,item|400001|140,item|300003|4,,,,,
1064,35022,350221,1049,,item|200001|329,item|400001|36,item|300003|2,,,,,
1065,350221,350222,3668,,item|200001|576,item|400001|140,item|300003|4,,,,,
1066,36022,360221,1049,,item|200001|329,item|400001|36,item|300003|2,,,,,
1067,360221,360222,3668,,item|200001|576,item|400001|140,item|300003|4,,,,,
1068,31023,310231,1049,,item|200001|329,item|400001|36,item|300003|2,,,,,
1069,310231,310232,3668,,item|200001|576,item|400001|140,item|300003|4,,,,,
1070,32023,320231,1049,,item|200001|329,item|400001|36,item|300003|2,,,,,
1071,320231,320232,3668,,item|200001|576,item|400001|140,item|300003|4,,,,,
1072,33023,330231,1049,,item|200001|329,item|400001|36,item|300003|2,,,,,
1073,330231,330232,3668,,item|200001|576,item|400001|140,item|300003|4,,,,,
1074,34023,340231,1049,,item|200001|329,item|400001|36,item|300003|2,,,,,
1075,340231,340232,3668,,item|200001|576,item|400001|140,item|300003|4,,,,,
1076,35023,350231,1049,,item|200001|329,item|400001|36,item|300003|2,,,,,
1077,350231,350232,3668,,item|200001|576,item|400001|140,item|300003|4,,,,,
1078,36023,360231,1049,,item|200001|329,item|400001|36,item|300003|2,,,,,
1079,360231,360232,3668,,item|200001|576,item|400001|140,item|300003|4,,,,,
1080,31024,310241,1049,,item|200001|329,item|400001|36,item|300003|2,,,,,
1081,310241,310242,3668,,item|200001|576,item|400001|140,item|300003|4,,,,,
1082,32024,320241,1049,,item|200001|329,item|400001|36,item|300003|2,,,,,
1083,320241,320242,3668,,item|200001|576,item|400001|140,item|300003|4,,,,,
1084,33024,330241,1049,,item|200001|329,item|400001|36,item|300003|2,,,,,
1085,330241,330242,3668,,item|200001|576,item|400001|140,item|300003|4,,,,,
1086,34024,340241,1049,,item|200001|329,item|400001|36,item|300003|2,,,,,
1087,340241,340242,3668,,item|200001|576,item|400001|140,item|300003|4,,,,,
1088,35024,350241,1049,,item|200001|329,item|400001|36,item|300003|2,,,,,
1089,350241,350242,3668,,item|200001|576,item|400001|140,item|300003|4,,,,,
1090,36024,360241,1049,,item|200001|329,item|400001|36,item|300003|2,,,,,
1091,360241,360242,3668,,item|200001|576,item|400001|140,item|300003|4,,,,,
1092,33025,330251,1049,,item|200001|329,item|400001|36,item|300003|2,,,,,
1093,330251,330252,3668,,item|200001|576,item|400001|140,item|300003|4,,,,,
1094,35025,350251,1049,,item|200001|329,item|400001|36,item|300003|2,,,,,
1095,350251,350252,3668,,item|200001|576,item|400001|140,item|300003|4,,,,,
1096,36025,360251,1049,,item|200001|329,item|400001|36,item|300003|2,,,,,
1097,360251,360252,3668,,item|200001|576,item|400001|140,item|300003|4,,,,,
1098,32026,320261,1049,,item|200001|329,item|400001|36,item|300003|2,,,,,
1099,320261,320262,3668,,item|200001|576,item|400001|140,item|300003|4,,,,,
1100,33026,330261,1049,,item|200001|329,item|400001|36,item|300003|2,,,,,
1101,330261,330262,3668,,item|200001|576,item|400001|140,item|300003|4,,,,,
1102,34026,340261,1049,,item|200001|329,item|400001|36,item|300003|2,,,,,
1103,340261,340262,3668,,item|200001|576,item|400001|140,item|300003|4,,,,,
1104,36026,360261,1049,,item|200001|329,item|400001|36,item|300003|2,,,,,
1105,360261,360262,3668,,item|200001|576,item|400001|140,item|300003|4,,,,,
1106,31027,310271,1049,,item|200001|329,item|400001|36,item|300003|2,,,,,
1107,310271,310272,3668,,item|200001|576,item|400001|140,item|300003|4,,,,,
1108,32027,320271,1049,,item|200001|329,item|400001|36,item|300003|2,,,,,
1109,320271,320272,3668,,item|200001|576,item|400001|140,item|300003|4,,,,,
1110,34027,340271,1049,,item|200001|329,item|400001|36,item|300003|2,,,,,
1111,340271,340272,3668,,item|200001|576,item|400001|140,item|300003|4,,,,,
1112,35027,350271,1049,,item|200001|329,item|400001|36,item|300003|2,,,,,
1113,350271,350272,3668,,item|200001|576,item|400001|140,item|300003|4,,,,,
1114,36027,360271,1049,,item|200001|329,item|400001|36,item|300003|2,,,,,
1115,360271,360272,3668,,item|200001|576,item|400001|140,item|300003|4,,,,,
1116,31028,310281,1049,,item|200001|329,item|400001|36,item|300003|2,,,,,
1117,310281,310282,3668,,item|200001|576,item|400001|140,item|300003|4,,,,,
1118,32028,320281,1049,,item|200001|329,item|400001|36,item|300003|2,,,,,
1119,320281,320282,3668,,item|200001|576,item|400001|140,item|300003|4,,,,,
1120,33028,330281,1049,,item|200001|329,item|400001|36,item|300003|2,,,,,
1121,330281,330282,3668,,item|200001|576,item|400001|140,item|300003|4,,,,,
1122,34028,340281,1049,,item|200001|329,item|400001|36,item|300003|2,,,,,
1123,340281,340282,3668,,item|200001|576,item|400001|140,item|300003|4,,,,,
1124,35028,350281,1049,,item|200001|329,item|400001|36,item|300003|2,,,,,
1125,350281,350282,3668,,item|200001|576,item|400001|140,item|300003|4,,,,,
1126,36028,360281,1049,,item|200001|329,item|400001|36,item|300003|2,,,,,
1127,360281,360282,3668,,item|200001|576,item|400001|140,item|300003|4,,,,,
1128,31029,310291,1165,,item|200001|365,item|400001|40,item|300004|2,,,,,
1129,310291,310292,4075,,item|200001|640,item|400001|155,item|300004|4,,,,,
1130,32029,320291,1165,,item|200001|365,item|400001|40,item|300004|2,,,,,
1131,320291,320292,4075,,item|200001|640,item|400001|155,item|300004|4,,,,,
1132,33029,330291,1165,,item|200001|365,item|400001|40,item|300004|2,,,,,
1133,330291,330292,4075,,item|200001|640,item|400001|155,item|300004|4,,,,,
1134,34029,340291,1165,,item|200001|365,item|400001|40,item|300004|2,,,,,
1135,340291,340292,4075,,item|200001|640,item|400001|155,item|300004|4,,,,,
1136,35029,350291,1165,,item|200001|365,item|400001|40,item|300004|2,,,,,
1137,350291,350292,4075,,item|200001|640,item|400001|155,item|300004|4,,,,,
1138,36029,360291,1165,,item|200001|365,item|400001|40,item|300004|2,,,,,
1139,360291,360292,4075,,item|200001|640,item|400001|155,item|300004|4,,,,,
1140,31030,310301,1165,,item|200001|365,item|400001|40,item|300004|2,,,,,
1141,310301,310302,4075,,item|200001|640,item|400001|155,item|300004|4,,,,,
1142,32030,320301,1165,,item|200001|365,item|400001|40,item|300004|2,,,,,
1143,320301,320302,4075,,item|200001|640,item|400001|155,item|300004|4,,,,,
1144,33030,330301,1165,,item|200001|365,item|400001|40,item|300004|2,,,,,
1145,330301,330302,4075,,item|200001|640,item|400001|155,item|300004|4,,,,,
1146,34030,340301,1165,,item|200001|365,item|400001|40,item|300004|2,,,,,
1147,340301,340302,4075,,item|200001|640,item|400001|155,item|300004|4,,,,,
1148,35030,350301,1165,,item|200001|365,item|400001|40,item|300004|2,,,,,
1149,350301,350302,4075,,item|200001|640,item|400001|155,item|300004|4,,,,,
1150,36030,360301,1165,,item|200001|365,item|400001|40,item|300004|2,,,,,
1151,360301,360302,4075,,item|200001|640,item|400001|155,item|300004|4,,,,,
1152,31031,310311,1165,,item|200001|365,item|400001|40,item|300004|2,,,,,
1153,310311,310312,4075,,item|200001|640,item|400001|155,item|300004|4,,,,,
1154,32031,320311,1165,,item|200001|365,item|400001|40,item|300004|2,,,,,
1155,320311,320312,4075,,item|200001|640,item|400001|155,item|300004|4,,,,,
1156,33031,330311,1165,,item|200001|365,item|400001|40,item|300004|2,,,,,
1157,330311,330312,4075,,item|200001|640,item|400001|155,item|300004|4,,,,,
1158,34031,340311,1165,,item|200001|365,item|400001|40,item|300004|2,,,,,
1159,340311,340312,4075,,item|200001|640,item|400001|155,item|300004|4,,,,,
1160,35031,350311,1165,,item|200001|365,item|400001|40,item|300004|2,,,,,
1161,350311,350312,4075,,item|200001|640,item|400001|155,item|300004|4,,,,,
1162,36031,360311,1165,,item|200001|365,item|400001|40,item|300004|2,,,,,
1163,360311,360312,4075,,item|200001|640,item|400001|155,item|300004|4,,,,,
